Response,Total,First,RT,RT,Rank,UCB,UMCP,UNCG
1. A precious stone,,,,,,,,
Response,Total,First,RT,RT,Rank,UCB,UMCP,UNCG
,-647,,Overall,First,,-329,-150,-168
Diamond(s),0.92,0.5,4.2,4.8,1.8,0.92,0.91,0.94
Ruby,0.78,0.15,3.5,4.1,2.5,0.74,0.79,0.84
Emerald(s),0.51,0.06,4.4,5.5,3.1,0.49,0.45,0.6
Sapphire(s),0.49,0.02,5,5.4,3.6,0.51,0.39,0.54
Pearl(s),0.22,0.01,4.5,8.7,3.9,0.21,0.23,0.23
Gem(stone),0.19,0.11,4,3.8,1.8,0.17,0.27,0.13
 Gem(s),0.17,0.11,3.8,3.6,1.7,0.16,0.23,0.13
 Gemstone,0.02,0.01,6.6,5.7,2.4,0.01,0.05,0
Amethyst(s),0.18,0.02,5.9,6,3.9,0.19,0.18,0.17
Opal,0.18,0.01,4.4,4.6,4.1,0.18,0.27,0.1
Gold,0.14,0.02,4.6,3.6,3.4,0.16,0.11,0.12
Topaz,0.12,0.01,4.8,4.4,4.2,0.14,0.11,0.1
Garnet,0.11,0.01,5.2,5,4.6,0.11,0.09,0.11
Silver,0.08,,2.9,,4.5,0.09,0.07,0.08
Jade,0.06,,5.2,,4,0.07,0.05,0.05
Quartz,0.06,,6.5,,4.1,0.08,0.06,0.04
Turquoise,0.05,0.01,8.6,9,4.3,0.07,0.05,0.02
,,,,,,,,
2. A unit of time,,,,,,,,
Response,Total,First,RT,RT,Rank,UCB,UMCP,UNCG
,-693,,Overall,First,,-370,-148,-175
Hour(s),0.98,0.12,2.4,3.8,2.8,0.98,0.99,0.95
Sec(onds),0.97,0.46,3.3,4.3,1.9,0.97,1,0.95
 Second(s),0.95,0.45,3.3,4.3,1.9,0.94,0.97,0.95
 Sec,0.02,0.01,3.4,4.4,2,0.04,0.03,0
Minute(s),0.96,0.36,3.1,4,1.9,0.96,0.97,0.94
Year(s),0.82,,2.1,,6,0.88,0.82,0.68
Day,0.8,,2.5,,4.4,0.85,0.84,0.67
Month(s),0.64,,2.3,,6,0.69,0.64,0.55
Decade(s),0.51,,3.5,,7.5,0.52,0.57,0.45
Century/ies,0.46,,3.7,,8,0.5,0.47,0.37
 Century,0.38,,3.7,,8,0.42,0.36,0.32
 Centuries,0.08,,4,,7.9,0.08,0.1,0.05
Week(s),0.46,,2.2,,6,0.46,0.53,0.41
Millisecond(s),0.39,0.01,5.1,6.1,5.5,0.41,0.46,0.29
Millennium,0.25,,4,,8.5,0.24,0.37,0.17
Nanosecond(s),0.07,,4.8,,6.7,0.08,0.06,0.06
Eon(s),0.05,,3.2,,7.1,0.06,0.07,0.02
,,,,,,,,
3. A relative,,,,,,,,
Response,Total,First,RT,RT,Rank,UCB,UMCP,UNCG
,-642,,Overall,First,,-322,-150,-170
Uncle,0.95,0.1,2.3,4,4.2,0.97,0.97,0.91
Aunt(s),0.93,0.27,2.4,3.4,3.6,0.95,0.93,0.9
Cousin,0.85,0.12,2.9,3.9,5.4,0.85,0.9,0.79
Mom/mother,0.8,0.32,2.4,3.1,3,0.8,0.75,0.82
 Mom,0.43,0.22,2.4,2.9,2.6,0.45,0.36,0.44
 Mother,0.37,0.1,2.4,3.5,3.4,0.36,0.39,0.38
Grandma/mother,0.79,0.04,3.7,4.9,5.9,0.8,0.77,0.79
 Grandma(s),0.41,0.03,3.4,5,5.6,0.5,0.27,0.35
 Grandmother,0.38,0.01,3.9,5,6.3,0.3,0.49,0.43
 Grandmom,0.01,,6.5,,6.2,0,0.01,0.01
Dad/father,0.77,0.04,1.7,3.2,3.7,0.77,0.72,0.83
 Dad,0.42,0.01,1.5,3.2,3.5,0.44,0.35,0.45
 Father,0.35,0.03,1.9,3.2,4,0.33,0.37,0.38
Grandfather/pa,0.74,0.01,3.4,4.8,6.5,0.75,0.72,0.76
 Grandfather,0.36,,3.6,,6.7,0.29,0.46,0.42
 Grandpa,0.36,0.01,3.2,5,6.2,0.45,0.25,0.3
 Granddad,0.02,,3.9,,6.4,0.01,0.01,0.04
Sister,0.74,0.03,2.1,4.1,5,0.75,0.71,0.75
Brother,0.72,0.02,2.5,4.3,5.1,0.72,0.71,0.74
Niece,0.32,,3,,8,0.3,0.37,0.32
Nephew(s),0.3,,3.2,,7.9,0.28,0.36,0.3
Great aunt,0.09,,4.9,,8.7,0.07,0.13,0.08
Grandparent(s),0.08,,4.8,,5.6,0.08,0.09,0.06
Great grandma/mother,0.08,,5.1,,9.3,0.05,0.07,0.12
 Great grandma,0.04,,5.3,,8.6,0.04,0.01,0.06
 Great grandmother,0.04,,4.9,,10.2,0.02,0.06,0.06
Son,0.08,,2.6,,8.3,0.09,0.09,0.08
Daughter,0.07,,3.2,,8.4,0.07,0.07,0.08
Second cousin,0.06,,4.7,,8.4,0.05,0.07,0.06
Great grandfather/pa,0.05,,4.5,,9.7,0.04,0.05,0.07
 Great grandfather,0.03,,4.6,,10.1,0.02,0.03,0.04
 Great grandpa,0.02,,4.4,,9.2,0.02,0.01,0.03
Great uncle,0.05,,3.6,,9.6,0.04,0.07,0.04
,,,,,,,,
4. A unit of distance,,,,,,,,
Response,Total,First,RT,RT,Rank,UCB,UMCP,UNCG
,-654,,Overall,First,,-336,-150,-168
Mile(s),0.89,0.29,2.9,3.6,3.1,0.9,0.92,0.86
Meter(s),0.85,0.35,3.1,3.7,2.6,0.89,0.85,0.77
Inch(es),0.82,0.1,2.9,4.2,3.5,0.85,0.8,0.76
Foot/feet,0.79,0.13,2.9,3.7,3.5,0.82,0.8,0.73
 Foot,0.54,0.07,2.7,3.5,3.5,0.6,0.48,0.47
 Feet,0.25,0.06,3.3,3.9,3.3,0.22,0.32,0.26
Kilometer(s),0.74,0.04,4.4,6.1,4.3,0.75,0.73,0.74
Centimeter(s),0.73,0.04,4.8,6,4.3,0.74,0.77,0.65
Yard(s),0.65,0.02,3.4,4.5,4.4,0.64,0.66,0.64
Millimeter(s),0.45,0.01,4.7,5.3,5.3,0.49,0.45,0.37
Decimeter(s),0.08,,4.7,,6.4,0.07,0.08,0.1
Light year(s),0.05,,4.3,,6.3,0.05,0.07,0.02
Micrometer(s),0.02,,4.6,,5.8,0.01,0.03,0.01
Nanometer(s),0.02,,4.1,,5,0.01,0.04,0.02
,,,,,,,,
5. A metal,,,,,,,,
Response,Total,First,RT,RT,Rank,UCB,UMCP,UNCG
,-697,,Overall,First,,-369,-146,-182
Steel,0.62,0.21,4.1,4.8,2.6,0.66,0.59,0.55
Iron,0.57,0.23,3.9,4.4,2.4,0.6,0.55,0.53
Silver,0.55,0.06,3.5,5.3,3.5,0.54,0.55,0.58
Copper,0.53,0.11,4.1,4.4,2.9,0.51,0.53,0.57
Gold,0.53,0.09,3.2,4.3,3.1,0.52,0.5,0.57
Aluminum,0.43,0.08,6.4,7,3.3,0.41,0.46,0.44
Platinum,0.17,0.01,5.1,7.1,4.6,0.17,0.17,0.16
Titanium,0.17,0.02,6,6.4,4,0.22,0.16,0.09
Tin,0.15,0.03,3.8,4.8,3.6,0.14,0.15,0.18
Bronze,0.14,0.01,4.3,5.1,4.3,0.15,0.12,0.14
Nickel,0.13,0.02,4.7,4.8,3.8,0.11,0.21,0.11
Lead,0.1,0.01,3.7,5.1,3.6,0.11,0.1,0.08
Brass,0.09,0.01,4.6,5.6,3.6,0.08,0.05,0.13
Zinc,0.09,0.02,4.3,4.9,3.8,0.08,0.13,0.1
,,,,,,,,
6. A type of reading material,,,,,,,,
Response,Total,First,RT,RT,Rank,UCB,UMCP,UNCG
,-647,,Overall,First,,-338,-148,-161
Magazine(s),0.93,0.11,3.6,5,2.3,0.92,0.95,0.93
Book(s),0.92,0.77,3.5,3.6,1.3,0.91,0.94,0.92
Newspaper(s),0.71,0.04,4.6,5.4,3.2,0.72,0.74,0.65
Novel,0.26,0.04,4.1,5.4,3.5,0.23,0.24,0.35
Journal(s),0.21,,4.6,,4.1,0.15,0.39,0.16
Article,0.17,,5.2,,4.2,0.18,0.16,0.18
Textbook(s),0.17,0.01,5.3,6,4.2,0.23,0.14,0.09
Pamphlet(s),0.13,,6.4,,4.2,0.14,0.11,0.12
Internet related,0.09,,5.9,,4.5,0.09,0.11,0.08
 Internet,0.05,,5.1,,4.5,0.05,0.05,0.05
 Web site,0.03,,6.1,,4.6,0.02,0.07,0.02
 Internet article(s),0.02,,8.3,,4.4,0.02,0,0.01
Paper(s),0.08,,5.3,,4.2,0.07,0.07,0.09
Comic (book),0.06,,4.2,,4.5,0.06,0.06,0.06
 Comic(s),0.03,,4,,4.6,0.04,0.03,0.03
 Comic book,0.02,,4.4,,4.4,0.02,0.03,0.03
Encyclopedia,0.06,,6.7,,4.4,0.06,0.11,0.03
Essay(s),0.06,,3.9,,4.5,0.05,0.03,0.11
Flyer(s),0.06,,5.1,,4.7,0.05,0.07,0.06
Letter(s),0.06,,4.3,,4.7,0.06,0.07,0.04
Periodical(s),0.06,,5.7,,4.1,0.06,0.07,0.03
Short story,0.05,,5.5,,4.5,0.03,0.05,0.09
,,,,,,,,
7. A military title,,,,,,,,
Response,Total,First,RT,RT,Rank,UCB,UMCP,UNCG
,-660,,Overall,First,,-333,-149,-178
Sergeant,0.6,0.24,5.5,6.4,2.3,0.59,0.64,0.61
General(s),0.55,0.21,4.5,5.6,2.4,0.57,0.58,0.48
Lieutenant,0.55,0.09,6.3,7.5,2.9,0.56,0.6,0.48
Captain,0.43,0.15,4.8,5.5,2.5,0.4,0.51,0.44
Private,0.4,0.03,4,6.2,3.4,0.43,0.35,0.38
Colonel,0.33,0.08,5.1,5.8,2.6,0.34,0.34,0.31
Major,0.2,0.02,4.1,6.2,3.5,0.21,0.2,0.2
Corporal,0.18,0.01,4.4,6.9,3.4,0.21,0.16,0.15
Officer,0.18,0.05,5,5.4,2.9,0.2,0.21,0.13
Commander,0.16,0.03,5.1,7.5,3.3,0.17,0.18,0.11
Admiral,0.09,0.01,4.6,8,3.8,0.11,0.07,0.08
Chief,0.08,,4.2,,3.7,0.07,0.13,0.06
Soldier,0.08,0.01,5.5,8,3.7,0.07,0.11,0.09
Cadet,0.06,0.01,3.8,4.5,3.7,0.05,0.11,0.04
,,,,,,,,
8. A four-footed animal,,,,,,,,
Response,Total,First,RT,RT,Rank,UCB,UMCP,UNCG
,-703,,Overall,First,,-372,-150,-181
Dog(s),0.98,0.65,3,3.5,1.6,0.97,0.98,0.98
Cat(s),0.97,0.14,1.7,3.2,2.3,0.95,0.97,0.99
Horse(s),0.52,0.07,3.2,3.8,4,0.52,0.52,0.5
Lion(s),0.41,,3.2,,5.4,0.42,0.45,0.36
Bear(s),0.37,0.03,3.1,4.3,5.1,0.42,0.36,0.27
Tiger(s),0.36,0.01,2.8,5.5,5.7,0.36,0.39,0.34
Cow(s),0.35,0.02,2.5,4.1,5,0.35,0.33,0.38
Elephant(s),0.28,0.01,4.3,5.2,5.4,0.29,0.27,0.27
Deer,0.23,0.02,3.1,5.1,5.5,0.26,0.21,0.21
Mouse,0.23,,3.5,,5.4,0.27,0.21,0.17
Pig(s),0.21,0.01,3,3.5,5.5,0.16,0.27,0.27
Rat(s),0.19,,3,,5.5,0.19,0.21,0.18
Giraffe,0.16,,4.4,,6,0.19,0.13,0.14
Squirrel(s),0.15,,5.4,,5.9,0.14,0.17,0.16
Rabbit,0.14,,4.4,,5.4,0.12,0.11,0.22
Goat,0.13,,3.1,,5.7,0.14,0.09,0.14
Zebra(s),0.13,,4.5,,5.6,0.12,0.14,0.14
Moose,0.11,,2.9,,6.5,0.15,0.05,0.08
Sheep,0.1,,3,,6.8,0.09,0.13,0.08
Cheetah(s),0.09,,4,,5.8,0.08,0.13,0.07
Raccoon(s),0.09,,4.9,,6.1,0.11,0.09,0.04
Wolf,0.09,,3.5,,5.8,0.11,0.09,0.06
Fox,0.08,,3.6,,6.1,0.08,0.1,0.07
Hamster(s),0.08,,5.3,,6.2,0.07,0.07,0.11
Donkey(s),0.07,,3.6,,5.7,0.06,0.08,0.09
Elk,0.07,,2.6,,7,0.12,0.01,0.01
Lizard,0.06,,5.4,,5.6,0.05,0.05,0.07
Turtle,0.06,,4.5,,5.5,0.04,0.07,0.08
,,,,,,,,
9. A type of fabric,,,,,,,,
Response,Total,First,RT,RT,Rank,UCB,UMCP,UNCG
,-660,,Overall,First,,-346,-146,-168
Cotton,0.96,0.45,3.8,4.6,2,0.94,0.96,0.98
Silk,0.7,0.2,3.6,4.4,2.6,0.68,0.68,0.75
Polyester(s),0.58,0.02,5.4,7.2,3.6,0.59,0.6,0.55
Wool,0.5,0.1,3.8,4.6,3.2,0.48,0.55,0.48
Nylon,0.26,0.02,4.5,5.4,3.8,0.24,0.26,0.3
Rayon,0.19,0.01,4,6.1,3.7,0.23,0.16,0.15
Satin,0.17,0.02,3.8,3.7,3.6,0.18,0.17,0.15
Spandex,0.17,,5.5,,4.8,0.18,0.14,0.18
Denim,0.14,0.01,5.3,5.9,4.3,0.15,0.14,0.11
Leather,0.13,0.01,5,3.9,4.5,0.13,0.11,0.14
Linen,0.12,0.02,4.2,5.4,3.4,0.12,0.13,0.13
Fleece,0.11,0.01,5.1,6.2,4,0.13,0.11,0.05
Velvet,0.1,0.02,4.6,5.9,3.7,0.1,0.1,0.09
Jean,0.08,,4.7,,4.3,0.09,0.05,0.08
Suede,0.08,0.01,4.3,5.7,4.1,0.09,0.05,0.1
Cashmere,0.07,,5.2,,4,0.06,0.08,0.07
Cloth,0.06,0.03,5.1,6.8,2.2,0.06,0.08,0.04
Flannel,0.05,0.01,4.9,5.1,3.9,0.07,0.04,0.03
Lace,0.05,0.01,3,3.8,4.1,0.04,0.05,0.08
Lycra,0.05,,4.3,,4.6,0.05,0.07,0.05
,,,,,,,,
10. A color,,,,,,,,
Response,Total,First,RT,RT,Rank,UCB,UMCP,UNCG
,-666,,Overall,First,,-344,-150,-172
Blue,1,0.35,2.2,2.8,2.6,0.99,1,1
Red,0.96,0.46,1.9,2.4,2.3,0.96,0.97,0.94
Green,0.93,0.07,2.3,2.9,4,0.93,0.95,0.9
Yellow,0.92,0.02,2.6,3.9,4.9,0.92,0.96,0.88
Purple,0.83,0.05,3.2,3.6,5.5,0.84,0.79,0.84
Orange,0.82,,2.8,,5.5,0.8,0.88,0.83
Black,0.77,0.02,2.4,2.8,6.4,0.72,0.8,0.84
White,0.6,,2.2,,7.1,0.56,0.65,0.64
Pink,0.54,,2.7,,6.9,0.52,0.49,0.64
Brown,0.4,,2.8,,7.5,0.37,0.44,0.44
Gray/grey,0.26,,2.9,,8.3,0.26,0.3,0.23
 Gray,0.16,,2.9,,8.2,0.11,0.18,0.23
 Grey,0.1,,2.8,,8.5,0.15,0.12,0
Violet,0.2,,3.8,,7.5,0.22,0.24,0.12
Silver,0.15,,3.1,,9.1,0.15,0.18,0.14
Gold,0.13,,2.1,,8.9,0.14,0.14,0.09
Indigo,0.11,,3.5,,7.7,0.1,0.15,0.1
Magenta,0.11,,3.4,,8.4,0.13,0.1,0.1
Turquoise,0.09,,5.2,,8.6,0.08,0.11,0.08
Maroon,0.08,,3.4,,8.9,0.1,0.08,0.04
Teal,0.08,,2.8,,8.6,0.05,0.07,0.13
Tan,0.06,,2.4,,9.2,0.05,0.09,0.06
Aqua,0.05,,3.8,,8.7,0.04,0.07,0.06
Fuchsia,0.05,,3.7,,8.3,0.04,0.06,0.06
,,,,,,,,
11. A kitchen utensil,,,,,,,,
Response,Total,First,RT,RT,Rank,UCB,UMCP,UNCG
,-653,,Overall,First,,-337,-150,-166
Knife(ves),0.95,0.18,2.9,4,2.4,0.95,0.93,0.95
Fork(s),0.93,0.52,2.8,3.1,1.8,0.91,0.94,0.97
Spoon(s),0.93,0.2,3,4.2,2.5,0.93,0.93,0.95
Spatula(s),0.55,0.06,4.9,5.4,4,0.58,0.47,0.54
Pan(s),0.22,0.01,2.6,7.2,5.3,0.21,0.22,0.25
Pot(s),0.2,0.01,2.9,5,5,0.17,0.25,0.23
Whisk,0.15,,4.5,,5.1,0.2,0.11,0.08
Blender(s),0.14,,4.2,,5.3,0.15,0.13,0.11
Bowl(s),0.14,,3.5,,5.7,0.15,0.09,0.16
Ladle,0.14,,4.9,,4.6,0.17,0.14,0.09
Plate(s),0.13,,3.6,,5.5,0.12,0.12,0.16
Cutting board,0.09,,6.6,,5.5,0.09,0.08,0.08
Tongs,0.08,,4.7,,5,0.07,0.07,0.08
Can opener,0.07,,6.8,,5.3,0.08,0.08,0.05
Mixer,0.07,,4.9,,5.5,0.08,0.05,0.08
Strainer/colander,0.07,,5.3,,5.8,0.07,0.08,0.07
 Strainer,0.06,,5.4,,5.7,0.05,0.07,0.05
 Colander,0.02,,5.2,,6,0.02,0.01,0.02
Cup(s),0.06,,3.6,,6.1,0.05,0.07,0.06
Measuring cup(s),0.06,,6.3,,5.6,0.07,0.04,0.04
Stove,0.05,,4.1,,5.7,0.04,0.05,0.07
,,,,,,,,
12. A building for religious services,,,,,,,,
Response,Total,First,RT,RT,Rank,UCB,UMCP,UNCG
,-647,,Overall,First,,-331,-149,-167
Church,1,0.79,4.5,4.8,1.3,0.99,1,1
Temple(s),0.67,0.11,4.2,4.3,2.5,0.7,0.75,0.55
Synagogue(s),0.54,0.04,5.7,6,2.6,0.58,0.58,0.44
Mosque(s),0.41,0.02,4.8,5.5,2.9,0.41,0.59,0.25
Cathedral(s),0.2,,7.6,,3.2,0.22,0.13,0.22
Chapel,0.18,0.02,5.3,5.8,3.1,0.18,0.23,0.16
Monastery,0.07,,6.8,,3.3,0.06,0.09,0.06
House/home,0.05,,6.1,,4.1,0.04,0.03,0.08
 House(s),0.03,,6.9,,4,0.02,0.02,0.04
 Home,0.02,,5.2,,4.2,0.02,0.01,0.04
Sanctuary,0.05,,6.5,,3.2,0.04,0.03,0.07
,,,,,,,,
13. A part of speech,,,,,,,,
Response,Total,First,RT,RT,Rank,UCB,UMCP,UNCG
,-663,,Overall,First,,-368,-143,-152
Noun(s),0.7,0.36,3.5,4.6,1.8,0.68,0.78,0.68
Verb(s),0.7,0.24,3.5,5.4,2.1,0.68,0.81,0.65
Adjective(s),0.56,0.02,4.4,8.3,3.4,0.56,0.64,0.49
Adverb(s),0.41,0.01,3.8,7.2,4.2,0.39,0.55,0.32
Pronoun(s),0.36,,4.3,,4,0.33,0.45,0.36
Preposition,0.11,0.01,5.5,7.8,4.4,0.12,0.12,0.09
Conjunction(s),0.1,,5.8,,5.2,0.12,0.1,0.07
Subject,0.1,0.01,5.5,9.2,4.2,0.1,0.1,0.09
Word(s),0.09,0.04,5.3,7.6,2.2,0.09,0.09,0.08
Sentence(s),0.08,0.02,5.5,10,3.3,0.07,0.08,0.09
Participle,0.06,,5.5,,4.3,0.05,0.1,0.05
Vowel(s),0.05,0.03,7.2,10.2,2.2,0.05,0.06,0.05
,,,,,,,,
14. An article of furniture,,,,,,,,
Response,Total,First,RT,RT,Rank,UCB,UMCP,UNCG
,-700,,Overall,First,,-371,-149,-180
Chair(s),0.9,0.41,3.4,4.2,2,0.92,0.92,0.86
Table,0.75,0.05,3.2,4.1,3.5,0.75,0.82,0.68
Couch,0.7,0.31,3.8,4.6,2.3,0.73,0.62,0.69
Bed,0.58,0.03,2.6,3.9,4.2,0.6,0.54,0.56
Desk(s),0.49,0.05,3.5,4.1,4,0.5,0.47,0.49
Sofa,0.32,0.08,3.2,4.5,2.9,0.29,0.39,0.33
Dresser(s),0.28,0.01,3.9,5.2,5.2,0.3,0.22,0.27
Loveseat(s),0.26,,4.4,,4.3,0.23,0.26,0.32
Coffee table,0.19,,5.9,,5.2,0.19,0.14,0.21
Lamp(s),0.17,,3.7,,5.2,0.16,0.23,0.16
Nightstand(s),0.13,,5,,5.9,0.15,0.06,0.16
Ottoman,0.12,,4.9,,4.8,0.14,0.1,0.09
Recliner,0.12,,4.6,,4.8,0.09,0.11,0.2
Stool(s),0.11,,4.1,,5.1,0.11,0.11,0.12
End table(s),0.1,,4.4,,5.5,0.11,0.05,0.12
Futon,0.08,,4,,4.7,0.11,0.08,0.04
Armoire,0.07,,4.5,,5.6,0.08,0.07,0.05
Bookshelf/case,0.06,,4.6,,5.9,0.06,0.1,0.03
 Bookshelf,0.04,,4.6,,5.9,0.03,0.07,0.02
 Bookcase,0.03,,4.4,,6,0.03,0.03,0.02
Cabinet(s),0.06,,5.6,,5.6,0.05,0.1,0.04
Foot rest/stool,0.06,,5.7,,5.2,0.06,0.08,0.05
 Foot rest,0.03,,5.3,,5.4,0.03,0.05,0.01
 Foot stool,0.03,,6.1,,5,0.03,0.03,0.04
Shelf(ves),0.05,,4.7,,6.1,0.05,0.08,0.02
,,,,,,,,
15. A part of the human body,,,,,,,,
Response,Total,First,RT,RT,Rank,UCB,UMCP,UNCG
,-666,,Overall,First,,-352,-150,-164
Leg(s),0.87,0.12,2,3.5,3.8,0.86,0.85,0.93
Arm(s),0.82,0.32,2.5,3.4,3.3,0.82,0.76,0.87
Foot/feet,0.71,0.05,2.2,3.9,5.7,0.71,0.71,0.73
 Foot,0.45,0.04,2.2,3.9,5.1,0.45,0.45,0.45
 Feet,0.27,0.01,2.2,3.9,6.8,0.26,0.26,0.27
Finger(s),0.67,0.02,2.6,4.1,6.5,0.66,0.63,0.71
Head,0.61,0.13,2.4,3.5,4.4,0.57,0.63,0.71
Toe(s),0.61,0.01,2,4.5,7.5,0.62,0.57,0.64
Eye(s),0.59,0.04,2,3.6,6.3,0.59,0.63,0.56
Hand(s),0.54,0.1,2.4,3.7,5.1,0.52,0.55,0.57
Nose,0.53,0.04,2,3.3,6.3,0.54,0.55,0.49
Ear(s),0.49,0.03,2.1,3,7.1,0.49,0.51,0.47
Mouth,0.38,,2.3,,7.4,0.37,0.39,0.4
Stomach,0.35,,3.4,,7.8,0.35,0.39,0.3
Heart,0.27,0.04,2.5,3.7,5.9,0.28,0.25,0.26
Knee(s),0.26,,2.6,,8.4,0.27,0.28,0.24
Neck,0.22,0.01,2.3,2.9,7.1,0.23,0.25,0.18
Brain,0.18,0.02,2.7,4.5,5.8,0.19,0.19,0.16
Hair,0.18,,2.7,,8.6,0.19,0.16,0.17
Elbow(s),0.17,,3.3,,8.6,0.16,0.15,0.2
Shoulder(s),0.17,,3,,7.2,0.18,0.2,0.1
Chest,0.16,,2.9,,7.3,0.17,0.18,0.12
Back,0.11,,2.3,,8.7,0.1,0.15,0.1
Butt,0.11,,2.7,,9.1,0.12,0.13,0.07
Lip(s),0.11,,2.3,,8.7,0.09,0.06,0.18
Thigh(s),0.11,,2.9,,9.1,0.1,0.14,0.09
Ankle(s),0.1,,2.8,,8.5,0.11,0.1,0.08
Face,0.1,,2,,6,0.09,0.17,0.05
Liver,0.1,,2.8,,8.5,0.09,0.13,0.09
Lung(s),0.1,,2.5,,6.7,0.11,0.1,0.07
Tongue,0.1,0.01,3.2,4.5,7.6,0.09,0.09,0.12
Teeth,0.07,,2.6,,9,0.07,0.07,0.09
Torso,0.07,,2.6,,7,0.09,0.05,0.03
Wrist(s),0.07,,2.6,,9.4,0.08,0.05,0.07
Bone(s),0.06,,2.4,,7.5,0.07,0.05,0.05
Penis,0.06,0.01,2.8,4.2,5.1,0.06,0.06,0.05
Breast(s),0.05,0.01,3.2,3.9,6.9,0.05,0.04,0.05
Hip(s),0.05,,2.9,,8.8,0.06,0.07,0.02
Muscle(s),0.05,,3.4,,8.1,0.05,0.05,0.04
Nail(s),0.05,,2.7,,10.2,0.05,0.06,0.06
,,,,,,,,
16. A fruit,,,,,,,,
Response,Total,First,RT,RT,Rank,UCB,UMCP,UNCG
,-655,,Overall,First,,-337,-149,-169
Apple(s),0.95,0.58,2.7,3.1,1.7,0.94,0.97,0.96
Orange,0.86,0.14,3,3.8,2.8,0.85,0.81,0.92
Banana(s),0.71,0.07,3.7,4.9,3.6,0.76,0.66,0.65
Grape(s),0.52,0.02,3.1,4.3,4.9,0.46,0.59,0.58
Pear(s),0.5,0.03,2.6,3,4.2,0.47,0.5,0.54
Peach,0.4,0.04,3.3,3.4,4.9,0.37,0.47,0.4
Strawberry,0.4,0.04,4.8,6.5,4.9,0.4,0.4,0.39
Kiwi,0.3,,3.3,,5.7,0.29,0.26,0.35
Pineapple(s),0.26,0.01,4.9,5.4,5.1,0.25,0.26,0.29
Watermelon,0.24,0.01,3.9,5.1,5.7,0.23,0.28,0.22
Tomato,0.23,0.03,3.9,4.2,4.8,0.21,0.3,0.22
Plum,0.21,,3.1,,5.6,0.18,0.27,0.2
Grapefruit,0.18,,5,,5.7,0.18,0.17,0.2
Mango(s),0.18,0.01,3.5,4,5.6,0.2,0.19,0.14
Cherry,0.15,0.01,3.1,3.4,5.5,0.14,0.15,0.17
Lemon,0.15,,2.7,,5.8,0.12,0.16,0.2
Blueberry,0.14,,3.7,,6.7,0.15,0.14,0.11
Cantaloupe,0.14,,4.2,,6.4,0.15,0.17,0.11
Raspberry,0.12,,4.2,,6.5,0.17,0.09,0.05
Lime,0.11,,2.5,,6.7,0.08,0.12,0.16
Tangerine(s),0.09,,4.3,,6,0.06,0.08,0.14
Melon(s),0.08,,3.6,,6.2,0.08,0.11,0.06
Nectarine(s),0.06,,3.5,,6.7,0.07,0.09,0.02
Papaya,0.06,0.01,3.8,4.6,5.7,0.07,0.04,0.05
Apricot(s),0.05,,4.1,,6.4,0.06,0.06,0.04
Honeydew (melon),0.05,,4.5,,7.1,0.03,0.09,0.04
Star fruit,0.05,,4.3,,6,0.06,0.04,0.04
,,,,,,,,
17. A weapon,,,,,,,,
Response,Total,First,RT,RT,Rank,UCB,UMCP,UNCG
,-660,,Overall,First,,-338,-148,-174
Gun(s),0.96,0.69,2.6,2.8,1.4,0.95,0.97,0.98
Knife,0.95,0.23,2.9,3.8,2,0.96,0.97,0.93
Sword(s),0.28,0.02,4.3,3.3,3.8,0.27,0.32,0.26
Bat,0.22,,4.1,,4,0.23,0.22,0.19
Bomb(s),0.18,,4.5,,4.6,0.22,0.16,0.13
Fist(s),0.13,,4.7,,4.9,0.13,0.11,0.13
Rifle,0.12,0.01,4.6,4.8,3.7,0.1,0.16,0.14
Bow & arrow,0.11,,5.8,,4.5,0.14,0.11,0.07
 Bow and arrow(s),0.06,,7.3,,4.1,0.07,0.05,0.04
 Arrow(s),0.03,,4.4,,4.9,0.03,0.02,0.02
 Bow,0.03,,4.2,,5,0.04,0.03,0.01
Rope,0.1,,4.7,,4.4,0.11,0.09,0.08
Mace,0.09,,4.3,,4.8,0.11,0.07,0.08
Ax(e),0.08,,4,,4.9,0.09,0.09,0.06
Grenade(s),0.08,,5.4,,4.6,0.1,0.05,0.05
Missile(s),0.08,,4.6,,4.8,0.09,0.09,0.05
Pistol/hand gun,0.08,0.02,5.2,5.9,3.3,0.07,0.1,0.09
 Pistol(s),0.06,0.01,5.3,4.3,3.4,0.06,0.06,0.07
 Handgun,0.02,0.01,5.2,7.9,3,0.02,0.04,0.02
Brass knuckle(s),0.06,,7.3,,4.4,0.05,0.04,0.09
Club,0.06,,4.6,,5,0.08,0.07,0.02
Hammer,0.06,,4.9,,4.7,0.05,0.06,0.09
Nunchucks,0.06,,6.9,,4.5,0.07,0.05,0.05
Stick,0.06,,6.1,,4.5,0.06,0.04,0.07
Bazooka,0.05,,4.4,,4.3,0.05,0.05,0.03
Blade(s),0.05,,4.5,,4.5,0.03,0.04,0.07
Spear,0.05,,4.8,,4.7,0.07,0.05,0.03
,,,,,,,,
18. An elective office,,,,,,,,
Response,Total,First,RT,RT,Rank,UCB,UMCP,UNCG
,-645,,Overall,First,,-331,-146,-168
President,0.94,0.72,5.3,5.7,1.4,0.93,0.95,0.93
Senator/senate,0.55,0.07,4.1,6.5,2.9,0.59,0.51,0.51
 Senator,0.42,0.06,4,6.5,2.9,0.42,0.51,0.37
 Senate,0.13,0.01,4.5,6.4,3,0.17,0,0.14
Vice president,0.53,0.01,5.1,9,2.9,0.47,0.6,0.58
Governor,0.43,0.05,4.6,5.8,3.5,0.42,0.56,0.34
Mayor,0.41,0.05,3.9,5.2,3.5,0.42,0.4,0.42
Secretary,0.27,,4.4,,3.6,0.24,0.29,0.31
(House of) representatives,0.23,0.01,6.4,12.1,3.8,0.24,0.21,0.23
 Representative,0.16,0.01,6.3,12.4,3.8,0.18,0.18,0.12
 House of representatives,0.07,,6.8,,3.7,0.06,0.03,0.11
Treasurer,0.23,,5.1,,3.9,0.21,0.26,0.26
Congressional,0.19,0.01,4.8,10.9,3.5,0.24,0.17,0.11
 Congressman,0.11,,4.8,,3.7,0.11,0.16,0.05
 Congress,0.07,0.01,4.7,11.8,3,0.11,0,0.06
 Congress person,0.01,,4.3,,4.6,0.01,0.01,0.01
 Congress member,0,,4,,5,0,0,0
 Congressman/woman,0,,9.7,,4,0.01,0,0
Sheriff,0.07,,4.6,,4.4,0.05,0.03,0.13
Judge(s),0.06,,5.1,,4.8,0.05,0.07,0.07
Secretary of state,0.06,,6.9,,3.7,0.07,0.02,0.07
,,,,,,,,
19. A type of human dwelling,,,,,,,,
Response,Total,First,RT,RT,Rank,UCB,UMCP,UNCG
,-686,,Overall,First,,-370,-144,-172
House/home,0.96,0.75,4,4.3,1.4,0.99,1,0.85
 House,0.85,0.7,4,4.3,1.3,0.88,0.9,0.74
 Home,0.1,0.05,3.6,4.7,2,0.1,0.1,0.11
Apartment,0.67,0.03,4,6.7,3,0.68,0.78,0.54
 Apartment,0.66,0.03,4,6.7,3,0.68,0.78,0.54
 Apartment building,0,,5,,3,0,0,0
 Apartment complex,0,,6,,5,0,0,0
Mansion,0.35,0.01,4.4,5.9,4.3,0.35,0.4,0.3
Condo(minium),0.32,,4.1,,4.4,0.38,0.33,0.19
 Condo,0.29,,3.9,,4.4,0.35,0.28,0.19
 Condominium,0.03,,6.6,,4,0.03,0.05,0
Cave(s),0.24,0.04,3.4,4.9,3.3,0.28,0.25,0.17
Shack,0.22,0.01,3.9,5.4,4,0.25,0.22,0.15
Hut(s),0.19,0.03,3,3.8,3.3,0.22,0.2,0.1
Tent,0.19,,3.3,,4.5,0.23,0.17,0.13
Dorm (room),0.15,,4,,4.5,0.13,0.23,0.15
 Dorm,0.07,,3.9,,4.4,0.01,0.17,0.12
 Dorm room,0.06,,3.6,,4.3,0.1,0.01,0.03
 Dormitory,0.02,,5.5,,5.4,0.02,0.05,0
Townhouse/home,0.15,,4.6,,4.5,0.14,0.22,0.11
 Townhouse,0.11,,4.5,,4.4,0.09,0.2,0.09
 Townhome,0.04,,4.9,,4.7,0.05,0.02,0.02
Trailer,0.13,,4.3,,4.4,0.09,0.12,0.2
Tepee,0.11,,4.1,,4.4,0.14,0.1,0.03
Cabin,0.09,,3.8,,4.8,0.11,0.06,0.08
Hotel,0.09,,3.5,,5.5,0.09,0.13,0.06
Car,0.08,,2.9,,4.7,0.08,0.07,0.1
Igloo(s),0.07,0.01,4.9,5.3,3.5,0.09,0.08,0.03
Boat,0.05,,4.4,,4.7,0.04,0.05,0.08
Box,0.05,,4.1,,5.2,0.04,0.07,0.06
,,,,,,,,
20. An alcoholic beverage,,,,,,,,
Response,Total,First,RT,RT,Rank,UCB,UMCP,UNCG
,-686,,Overall,First,,-370,-150,-166
Beer,0.87,0.63,3.5,3.8,1.5,0.89,0.9,0.78
Vodka,0.62,0.09,4,5.1,3,0.67,0.67,0.46
Wine,0.54,0.05,2.5,3.3,2.8,0.56,0.55,0.47
Rum,0.43,0.03,3.1,4.9,3.9,0.47,0.53,0.24
Whiskey,0.32,0.01,4.4,5.8,4,0.36,0.33,0.23
Tequila,0.24,0.01,4.8,5.6,4.5,0.32,0.15,0.16
Gin,0.23,0.01,3.1,4,4.6,0.25,0.28,0.14
Margarita(s),0.12,0.01,5.3,7.9,4.1,0.15,0.06,0.11
Liquor(s),0.11,,5.7,,3.5,0.07,0.08,0.25
Champagne,0.09,,5.9,,4.6,0.1,0.07,0.08
Scotch,0.09,,4.3,,5,0.09,0.13,0.05
Bud(weiser),0.08,0.01,4.5,5.9,3.8,0.06,0.04,0.14
 Budweiser,0.07,0.01,4.9,5.9,3.8,0.05,0.03,0.14
 Bud,0.01,,2.5,,4.1,0.02,0.01,0
Wine cooler(s),0.07,,5.2,,4.2,0.09,0,0.08
Bacardi,0.06,0.01,5.3,5.8,4,0.05,0.11,0.05
Jack Daniels,0.06,,5.4,,4.3,0.07,0.05,0.05
Martini,0.06,0.01,5.3,6.2,4,0.08,0.05,0.05
Smirnoff,0.06,0.01,4.9,5.6,3.6,0.04,0.07,0.1
Bourbon,0.05,,4.5,,5.2,0.06,0.01,0.05
Daiquiri(s),0.05,,6,,4.9,0.04,0.03,0.09
,,,,,,,,
21. A country,,,,,,,,
Response,Total,First,RT,RT,Rank,UCB,UMCP,UNCG
,-698,,Overall,First,,-368,-150,-180
USA/US/United States,0.9,0.66,4.1,4.6,1.6,0.9,0.89,0.89
 USA,0.38,0.31,3.5,3.9,1.4,0.54,0.45,0
 United States,0.35,0.26,5,5.4,1.7,0.18,0.22,0.82
 US,0.09,0.05,3.3,3.9,2,0.11,0.13,0
 America,0.08,0.05,4.1,5,1.8,0.07,0.09,0.07
Canada,0.56,0.02,3.3,5.2,4.1,0.61,0.51,0.48
France,0.53,0.04,2.8,4.3,4.6,0.54,0.54,0.52
Mexico,0.52,,3.2,,4.3,0.57,0.5,0.43
England,0.38,0.02,3.4,4.7,4.4,0.38,0.39,0.36
Germany,0.38,0.02,3.1,4.7,5.2,0.39,0.39,0.37
Spain,0.33,0.03,2.8,3.6,5.3,0.34,0.32,0.33
Italy,0.29,0.01,2.9,4.3,5.6,0.29,0.35,0.23
China,0.26,0.01,2.5,6.4,6.3,0.23,0.41,0.2
Japan,0.23,0.01,2.7,3.7,6.3,0.22,0.31,0.18
Russia,0.23,0.01,2.9,3.8,5.8,0.22,0.28,0.22
Brazil,0.19,0.01,3.8,6.1,5.4,0.2,0.17,0.18
Ireland,0.16,0.01,3.1,4.1,5.5,0.18,0.12,0.13
Australia,0.15,0.01,4.1,6.1,5.4,0.16,0.16,0.13
Iraq,0.13,0.01,3.1,6.5,5,0.1,0.06,0.24
Afghanistan,0.09,0.01,4.8,6.9,4.3,0.1,0.07,0.09
Argentina,0.09,,3.4,,5.8,0.1,0.09,0.06
India,0.09,0.01,2.6,4,6,0.08,0.12,0.08
Switzerland,0.09,,4.8,,5.9,0.1,0.07,0.09
Sweden,0.08,,3.1,,6.4,0.07,0.09,0.09
Africa,0.07,0.01,4.3,5.2,3.8,0.05,0.05,0.11
Chile,0.07,,3.1,,7.2,0.08,0.07,0.05
Great Britain/Britain,0.07,,4.5,,4.9,0.07,0.09,0.05
 Great Britain,0.04,,5.1,,4.7,0.04,0.05,0.03
 Britain,0.03,,3.7,,5.1,0.03,0.05,0.02
Iran,0.07,,2.2,,5.9,0.05,0.05,0.13
Portugal,0.07,,3.7,,6.5,0.07,0.08,0.07
Europe,0.06,0.01,4.7,5.6,3.2,0.05,0.05,0.09
Greece,0.06,,2.7,,6.9,0.05,0.1,0.03
Scotland,0.06,,3.3,,5.9,0.06,0.05,0.07
Egypt,0.05,,4.7,,5.4,0.05,0.04,0.06
Israel,0.05,,3.6,,5.6,0.03,0.11,0.03
Peru,0.05,,2.7,,5.9,0.06,0.05,0.02
South Africa,0.05,,5.5,,6.7,0.05,0.05,0.05
,,,,,,,,
22. A crime,,,,,,,,
Response,Total,First,RT,RT,Rank,UCB,UMCP,UNCG
,-697,,Overall,First,,-369,-150,-178
Stealing/theft/robbery,1,0.3,4.5,4.9,2.5,0.99,1.01,1.01
 Stealing,0.36,0.14,4.8,5,2.4,0.36,0.26,0.44
 Theft,0.3,0.06,3.9,4.7,2.6,0.33,0.3,0.24
 Robbery,0.34,0.1,4.6,4.8,2.5,0.3,0.45,0.33
Murder/killing,0.97,0.45,3.9,4.2,2,0.95,0.99,0.97
 Murder,0.82,0.42,3.8,4.1,1.9,0.82,0.86,0.79
 Killing,0.09,0.03,4.8,5,2.4,0.08,0.07,0.13
 Homicide,0.06,0.01,4.4,5.9,3.3,0.06,0.07,0.04
Rape,0.44,0.05,3.1,3.2,3,0.44,0.49,0.4
Assault,0.24,0.01,4.7,4.5,3.8,0.26,0.25,0.18
Burglary,0.14,0.05,5.4,5.7,2.6,0.17,0.15,0.09
Arson,0.12,0.01,3.9,4.2,3.5,0.12,0.13,0.1
Speeding,0.11,,4.7,,4.4,0.11,0.05,0.14
Breaking and entering,0.08,0.01,6.1,6.9,3.4,0.07,0.08,0.12
Drug use/possession,0.07,0.01,6.2,8.2,3.9,0.07,0.05,0.1
 Drugs,0.03,,6.4,,3.9,0.02,0.01,0.04
 Drug possession,0.03,,6.2,,3.9,0.02,0.01,0.05
 Drug use,0.02,,5.9,,4,0.02,0.02,0.01
 Illegal drug use,0,,8.1,,5,0,0.01,0
 Using drugs,0,,4.8,,5,0,0,0
 Using illegal drugs,0,,8.5,,5,0,0,0
DUI/DWI,0.07,,5.6,,4.5,0.11,0.03,0.02
 DUI,0.04,,5.5,,4.2,0.07,0.01,0.02
 DWI,0.01,,5,,5.8,0.01,0.01,0.01
 Drinking and driving,0.01,,6,,4.4,0.02,0.01,0
 Drunk driving,0.01,,6.2,,5.1,0.02,0.01,0
Larceny,0.07,0.01,5.1,4.6,3.3,0.04,0.1,0.1
Kidnapping,0.06,,6,,4.3,0.06,0.07,0.06
Vandalism,0.06,0.01,6.1,5.3,3.7,0.05,0.05,0.07
Battery,0.05,,3.5,,4.5,0.05,0.03,0.05
Drug dealing/selling,0.05,,7,,4.3,0.05,0.05,0.04
 Drug dealing,0.02,,5.8,,4.4,0.01,0.02,0.02
 Drug trafficking,0.01,,7.7,,4.1,0.02,0.01,0.01
 Selling illegal drugs,0.01,,7.7,,4.3,0.01,0.02,0.02
 Drug smuggling,0,,7,,4.5,0.01,0,0
Grand theft auto,0.05,,6.9,,4.1,0.04,0.07,0.04
,,,,,,,,
23. A carpenter tool,,,,,,,,
Response,Total,First,RT,RT,Rank,UCB,UMCP,UNCG
,-663,,Overall,First,,-342,-149,-172
Hammer(s),0.93,0.71,3.8,4,1.4,0.94,0.9,0.91
Nail(s),0.63,0.02,3.3,6.4,3.1,0.63,0.57,0.66
Saw,0.57,0.09,3.4,4.2,3.2,0.59,0.56,0.55
Screwdriver(s),0.48,0.01,6.2,8.3,3.5,0.51,0.45,0.45
Drill,0.23,0.01,4.1,4.4,3.9,0.27,0.2,0.19
Wrench,0.2,0.02,5,5.2,3.3,0.21,0.21,0.19
Screw(s),0.18,,3.7,,4.6,0.19,0.11,0.24
Level,0.13,0.01,4.9,5.6,4.2,0.15,0.14,0.09
Ruler,0.12,0.01,4.9,5.5,3.9,0.1,0.18,0.09
Tape measure,0.12,0.01,6.9,10.1,4.2,0.12,0.05,0.17
Wood,0.11,0.01,4.1,6.5,4.4,0.12,0.09,0.12
Sander,0.1,,4.9,,4.3,0.11,0.09,0.09
Measuring tape/device,0.08,,6.7,,4,0.1,0.11,0.02
 Measuring tape,0.06,,6.4,,4.2,0.08,0.09,0
 Measuring device,0.01,,8.1,,3,0.01,0.01,0.01
 Measure(r),0.01,,7,,3.5,0,0.01,0.02
 Measuring stick,0,,8.3,,3,0.01,0,0
Knife,0.07,0.02,5.3,6.2,2.7,0.06,0.04,0.1
Chisel,0.06,0.01,5.8,6.2,3.1,0.05,0.03,0.11
Pencil,0.06,,4.2,,5.1,0.07,0.07,0.03
Sandpaper,0.06,,5.7,,4.6,0.06,0.06,0.05
Nail gun,0.05,,4.7,,4.1,0.06,0.06,0.01
Pliers,0.05,,6.4,,4.1,0.06,0.05,0.03
,,,,,,,,
24. A member of the clergy,,,,,,,,
Response,Total,First,RT,RT,Rank,UCB,UMCP,UNCG
,-621,,Overall,First,,-348,-135,-138
Priest,0.71,0.52,5.2,5.6,1.5,0.74,0.79,0.57
Pope,0.52,0.09,4.3,6.2,3.2,0.56,0.57,0.36
Bishop,0.33,0.03,4.9,7.2,3.4,0.33,0.45,0.2
Nun,0.29,0.01,3.7,6.2,3.2,0.28,0.35,0.23
Cardinal,0.2,0.01,4.3,5.2,3.8,0.22,0.23,0.14
Minister,0.19,0.03,4.9,8.9,3.3,0.18,0.25,0.16
Pastor,0.19,0.06,5.1,5.8,2.8,0.16,0.22,0.24
Deacon,0.18,,4.1,,3.4,0.15,0.21,0.22
Father,0.1,0.01,5,4.6,3.4,0.09,0.1,0.13
Rabbi,0.1,0.01,4.9,3.6,3.5,0.1,0.16,0.04
Monk,0.09,0.01,3.9,6.5,3.8,0.08,0.11,0.09
Reverend,0.09,,4.5,,3.8,0.05,0.19,0.09
Archbishop,0.08,,5.2,,4.7,0.09,0.07,0.05
Preacher,0.08,0.02,5.8,8.3,2.9,0.06,0.04,0.15
Altar boy(s),0.07,,5.7,,3.6,0.08,0.07,0.04
,,,,,,,,
25. A substance for flavoring food,,,,,,,,
Response,Total,First,RT,RT,Rank,UCB,UMCP,UNCG
,-685,,Overall,First,,-367,-149,-169
Salt,0.87,0.39,3.5,4.9,2.1,0.87,0.87,0.88
Pepper,0.85,0.09,3,5.5,2.8,0.86,0.79,0.87
Garlic,0.29,0.05,4.6,5.3,3.8,0.31,0.22,0.32
Sugar(s),0.25,0.05,4.3,6.3,3.4,0.19,0.37,0.29
Oregano,0.19,0.01,5,7.5,4.3,0.2,0.19,0.16
Spice(s),0.19,0.06,5.1,6.6,3.2,0.21,0.23,0.12
Cinnamon,0.17,0.02,5.6,6.9,4,0.16,0.19,0.18
Paprika,0.14,0.02,4.7,5.8,4,0.14,0.16,0.13
Ketchup,0.13,0.01,5.2,6.4,4.6,0.11,0.16,0.13
Butter,0.12,0.01,4.5,7.7,4.5,0.13,0.13,0.12
Basil,0.11,0.01,3.9,5.6,4.8,0.12,0.08,0.11
Vanilla,0.11,0.07,5.7,6,2.1,0.11,0.11,0.11
Mustard,0.1,,3.3,,5.2,0.09,0.09,0.13
Hot sauce,0.09,,5.5,,4.1,0.07,0.07,0.14
Onion(s),0.08,,4.7,,4.8,0.08,0.09,0.07
Vinegar,0.08,,3.6,,4.4,0.08,0.06,0.12
Herbs,0.07,0.01,4.6,6.3,3.7,0.06,0.12,0.06
Lemon,0.07,0.01,4.4,8.8,4.3,0.06,0.07,0.1
Tabasco,0.07,0.01,4.7,5.4,3.9,0.11,0.02,0.01
Oil(s),0.06,,3.5,,4.6,0.06,0.04,0.07
Soy sauce,0.06,,5.3,,4.9,0.06,0.07,0.05
Thyme,0.06,,4.5,,4.8,0.07,0.05,0.06
Curry,0.05,0.01,3.9,5.1,4,0.03,0.07,0.06
Nutmeg,0.05,,4.7,,4.1,0.04,0.05,0.05
Parsley,0.05,,3.8,,4.5,0.05,0.04,0.05
,,,,,,,,
26. A fuel,,,,,,,,
Response,Total,First,RT,RT,Rank,UCB,UMCP,UNCG
,-637,,Overall,First,,-323,-148,-166
Gas(oline),0.79,0.59,4.4,4.5,1.5,0.76,0.87,0.78
 Gasoline,0.47,0.34,4.8,4.9,1.6,0.33,0.43,0.78
 Gas,0.32,0.25,3.9,3.9,1.5,0.43,0.45,0.01
Diesel,0.38,0.13,5.2,5.2,2.4,0.39,0.3,0.42
Oil,0.33,0.05,4.2,5,2.9,0.3,0.39,0.33
Unleaded,0.21,0.05,4.8,6.4,2.4,0.24,0.12,0.24
Coal,0.2,0.01,3.9,6.1,3.4,0.24,0.2,0.13
Solar/sun,0.14,,5.7,,4,0.14,0.12,0.14
 Solar,0.05,,4.9,,4,0.05,0.05,0.05
 Sun light/rays,0.04,,6.9,,4,0.02,0.03,0.06
 Solar energy,0.01,,6.8,,4,0.02,0.01,0.02
 Solar power,0.02,,5.5,,4,0.02,0.02,0.01
 Sun,0.02,,4.8,,4.2,0.03,0.01,0
Petrol(eum),0.13,0.03,6.2,6.7,2.6,0.11,0.14,0.15
 Petroleum,0.11,0.03,6.7,6.8,2.6,0.09,0.12,0.15
 Petrol,0.02,,3.4,,2.5,0.02,0.02,0
Food,0.12,,4.5,,3.7,0.13,0.13,0.1
Natural (gas),0.12,0.01,6,6.2,3.3,0.15,0.16,0.02
 Natural gas,0.11,0.01,6.1,6.2,3.3,0.14,0.14,0.02
 Natural,0.01,,5.5,,4,0.01,0.02,0
Electricity,0.11,,6.1,,3.8,0.13,0.11,0.05
 Electricity,0.08,,5.9,,4.1,0.1,0.07,0.04
 Electric,0.03,,6.6,,3.1,0.03,0.03,0.02
 Electrical,0,,5.7,,2.3,0,0.01,0
Kerosene,0.11,0.01,6.2,5.9,3.2,0.05,0.09,0.23
Propane,0.1,0.02,4.9,4.5,2.9,0.13,0.05,0.06
Water,0.1,,4.6,,4.1,0.09,0.11,0.1
Premium,0.09,0.01,5.1,8.6,3.2,0.08,0.05,0.14
Regular,0.08,0.01,4.8,7,3.1,0.05,0.07,0.14
Fossil,0.07,0.01,5.2,5.1,2.8,0.09,0.07,0.05
Leaded,0.07,0.01,3,5.9,3.2,0.08,0.06,0.07
Wood,0.07,,4.3,,4,0.07,0.09,0.04
Hydrogen,0.05,,5,,3.2,0.06,0.04,0.03
,,,,,,,,
27. An occupation or profession,,,,,,,,
Response,Total,First,RT,RT,Rank,UCB,UMCP,UNCG
,-638,,Overall,First,,-325,-149,-164
Doctor,0.72,0.33,3.7,4.6,2.1,0.69,0.8,0.69
Teacher,0.66,0.22,3.6,4.4,2.9,0.64,0.65,0.71
Lawyer,0.54,0.1,3.4,5.2,2.8,0.54,0.62,0.49
Nurse,0.25,0.04,3.1,4.3,3.2,0.21,0.2,0.38
Fireman/fighter,0.14,0.01,3.5,5.4,4.2,0.14,0.13,0.12
 Fireman,0.07,,2.9,,4.5,0.11,0,0.07
 Firefighter,0.06,0.01,4.1,6.1,4,0.04,0.13,0.05
Professor,0.14,0.01,4.2,6.3,4.2,0.13,0.13,0.18
Accountant,0.13,0.01,4.3,6.3,4.5,0.15,0.13,0.09
Psychologist,0.13,0.02,5.7,6.1,3.9,0.14,0.17,0.08
Dentist,0.12,0.01,3.4,4.2,3.7,0.12,0.1,0.12
Engineer,0.1,0.02,4.6,5.9,4,0.13,0.11,0.04
Secretary,0.1,0.01,4.9,6.4,4.2,0.11,0.07,0.12
Manager,0.09,,4.2,,5,0.09,0.07,0.11
Cook,0.07,,3.3,,4.5,0.12,0.02,0.04
Policeman,0.06,,3.3,,4.8,0.06,0.06,0.04
Athlete(s),0.05,,4.3,,4.5,0.07,0.05,0.02
Banker,0.05,,3.9,,4.5,0.06,0.02,0.05
Business man/woman,0.05,0.01,6,7.9,3.8,0.05,0.07,0.03
Carpenter,0.05,0.01,4.5,6.2,4.2,0.04,0.05,0.06
Janitor,0.05,,3.8,,5.5,0.04,0.08,0.04
Physical therapist,0.05,0.01,7.2,8.4,3.6,0.03,0.07,0.04
Police officer,0.05,,4.4,,4.5,0.04,0.09,0.04
Scientist,0.05,,3.6,,4.6,0.04,0.08,0.02
Student,0.05,0.02,4,4.5,3.5,0.06,0.04,0.05
,,,,,,,,
28. A natural earth formation,,,,,,,,
Response,Total,First,RT,RT,Rank,UCB,UMCP,UNCG
,-641,,Overall,First,,-328,-147,-166
Mountain(s) (range),0.83,0.47,5.1,5.6,1.8,0.87,0.8,0.78
 Mountain(s),0.83,0.47,5.1,5.6,1.8,0.87,0.8,0.77
 Mountain range,0,,6.2,,5.3,0,0,0.01
River(s),0.39,0.01,2.9,7.1,3.7,0.4,0.39,0.37
Ocean(s),0.35,0.01,3.5,8.2,4.1,0.36,0.35,0.34
Volcano(es),0.35,0.12,5.4,6.5,2.9,0.39,0.39,0.23
Lake(s),0.34,,2.6,,3.9,0.37,0.27,0.36
Valley(s),0.3,0.01,3.7,5,4,0.3,0.29,0.3
Hill(s),0.26,0.02,3.8,5.8,3.8,0.2,0.32,0.33
Rock(s),0.23,0.12,4.6,5.4,2.4,0.23,0.22,0.23
Canyon(s),0.2,0.02,4.6,6.6,4.1,0.24,0.23,0.1
Plateau(s),0.15,,6,,4.5,0.14,0.16,0.14
Tree(s),0.11,0.02,4.6,8.2,3.6,0.1,0.08,0.16
Plain(s),0.09,,4.6,,4.8,0.1,0.07,0.08
Cave(s),0.08,0.01,4.8,6.3,4.2,0.08,0.1,0.06
Glacier(s),0.08,0.01,5,7.5,3.7,0.09,0.09,0.04
Grand Canyon,0.08,0.02,7.2,8.4,3,0.07,0.07,0.09
Island(s),0.08,,4.9,,4.5,0.08,0.1,0.08
Stream(s),0.08,,2.9,,4.6,0.08,0.09,0.07
Cliff(s),0.07,0.01,4.1,6.6,4,0.08,0.1,0.04
Desert(s),0.06,,4.2,,5.6,0.07,0.06,0.05
Beach(es),0.05,,4.3,,5.5,0.05,0.06,0.05
Dirt,0.05,0.01,4.2,7.4,3.9,0.03,0.03,0.11
Grass,0.05,,4,,4.5,0.05,0.03,0.09
Waterfall(s),0.05,,4.8,,4.7,0.03,0.08,0.05
,,,,,,,,
29. A sport,,,,,,,,
Response,Total,First,RT,RT,Rank,UCB,UMCP,UNCG
,-632,,Overall,First,,-316,-148,-168
Football,0.87,0.26,3.3,4.3,2.7,0.84,0.87,0.91
Basketball,0.75,0.15,3.7,4.6,3.1,0.68,0.8,0.83
Soccer,0.75,0.2,2.8,3.5,3.2,0.75,0.68,0.82
Baseball,0.73,0.12,3.3,4.3,3.4,0.69,0.74,0.82
Tennis,0.54,0.04,2.8,3.2,4.9,0.5,0.53,0.64
Hockey,0.45,0.06,3,4.8,4.3,0.46,0.45,0.42
Swimming,0.34,0.01,3.3,3.7,5.8,0.33,0.34,0.36
Golf,0.29,0.03,2.8,4.9,5.4,0.29,0.24,0.35
Volleyball,0.29,0.03,4,4.4,5.1,0.29,0.22,0.35
Lacrosse,0.28,0.01,3.5,3.5,5.3,0.31,0.39,0.13
Track,0.21,,3.4,,6.5,0.19,0.22,0.24
Rugby,0.19,,3.6,,6,0.18,0.16,0.23
Softball,0.15,0.01,3.2,3.4,5.3,0.13,0.13,0.21
Field hockey,0.12,0.01,4.6,5.4,5.8,0.08,0.27,0.04
Skiing,0.11,,2.8,,6.1,0.16,0.09,0.05
Cheerleading,0.09,,3.9,,5.8,0.05,0.1,0.14
Running,0.09,,3.4,,6.1,0.11,0.1,0.06
Gymnastics,0.08,0.01,4.3,4.3,5.6,0.08,0.08,0.08
Polo,0.07,,3.1,,6.8,0.05,0.07,0.1
Racquetball,0.07,,4.7,,5.9,0.08,0.07,0.05
Wrestling,0.07,,3.4,,6,0.05,0.09,0.1
Bowling,0.06,,3.4,,7.1,0.06,0.05,0.07
Cross country,0.06,,4.3,,6.1,0.06,0.03,0.08
Badminton,0.05,,3.5,,7.1,0.04,0.07,0.04
Cricket,0.05,,3.4,,6.1,0.04,0.07,0.04
Water polo,0.05,,4.2,,6.2,0.06,0.05,0.02
,,,,,,,,
30. A weather phenomenon,,,,,,,,
Response,Total,First,RT,RT,Rank,UCB,UMCP,UNCG
,-697,,Overall,First,,-370,-150,-177
Tornado(es),0.85,0.32,4.4,5.4,2.5,0.86,0.84,0.85
Hurricane(s),0.83,0.25,4.1,5.4,2.7,0.85,0.79,0.84
Rain,0.42,0.17,3.2,3.9,2.8,0.41,0.52,0.34
Snow,0.37,0.02,2.7,5.1,4,0.35,0.41,0.36
Hail,0.24,,3.1,,5,0.21,0.31,0.23
Flood,0.21,0.01,4.2,5.6,4.3,0.21,0.2,0.23
Lightning,0.21,0.03,5.1,5.8,4,0.22,0.22,0.16
Blizzard(s),0.18,0.01,5.2,6.7,4.2,0.16,0.25,0.16
Earthquake,0.18,0.02,5.9,6.2,3.7,0.19,0.13,0.19
Sleet,0.18,,2.7,,5,0.15,0.26,0.16
Monsoon(s),0.14,0.01,4.6,6,4.1,0.13,0.14,0.18
Thunder,0.14,0.01,3.5,4.7,4.3,0.15,0.15,0.12
Wind/windy,0.14,0.01,3.6,3.9,4.8,0.19,0.13,0.06
 Wind,0.12,0.01,3.5,3.9,4.6,0.18,0.12,0
 Windy,0.02,,4.2,,5.9,0.01,0.01,0.06
Tsunami,0.13,0.01,5.5,6.5,4.3,0.16,0.12,0.1
Storm(s),0.12,0.04,4.5,4.6,2.8,0.11,0.14,0.12
Thunderstorm(s),0.11,0.01,6.3,4.9,3.8,0.09,0.14,0.12
Typhoon(s),0.11,0.02,5.4,6.1,3.6,0.11,0.07,0.16
Drought(s),0.1,,4.3,,5.5,0.12,0.09,0.06
Cloud(y),0.08,0.01,4.2,4.7,4.2,0.09,0.09,0.05
 Cloud(s),0.06,0.01,4,4.6,4.2,0.08,0.07,0.03
 Cloudy,0.02,,4.6,,4.3,0.01,0.03,0.02
Sunshine/sun/sunny,0.08,,3.6,,5,0.08,0.09,0.07
 Sunshine,0.04,,4.4,,5.5,0.02,0.04,0.06
 Sun,0.02,,2.2,,4.2,0.04,0.02,0
 Sunny,0.02,,3.6,,5,0.02,0.03,0.01
El Nino,0.07,0.02,4.3,5.6,3.6,0.07,0.08,0.07
Tidal wave(s),0.05,,6,,3.8,0.05,0.05,0.06
,,,,,,,,
31. An article of clothing,,,,,,,,
Response,Total,First,RT,RT,Rank,UCB,UMCP,UNCG
,-650,,Overall,First,,-346,-149,-155
Shirt(s),0.9,0.58,3.3,3.7,1.8,0.89,0.89,0.94
Pants,0.85,0.08,2.5,4.3,3,0.84,0.83,0.89
Sock(s),0.76,0.01,2.7,5.1,5.1,0.77,0.75,0.73
Underwear,0.57,,4.1,,5.7,0.55,0.59,0.59
Shoe(s),0.53,0.03,2.4,3.4,4.8,0.56,0.5,0.49
Hat,0.44,0.08,2.5,3.1,5.2,0.49,0.41,0.35
Short(s),0.34,0.02,2.7,4.5,4.8,0.38,0.3,0.29
Jacket,0.33,0.03,3.5,4.1,5.7,0.34,0.36,0.31
Sweater(s),0.33,0.03,3.7,5.2,5.3,0.34,0.34,0.3
Bra,0.31,,2.3,,6.2,0.29,0.31,0.35
Skirt(s),0.3,0.01,2.5,4,5.1,0.29,0.36,0.28
Jeans,0.2,0.02,2.7,4.2,3.7,0.2,0.21,0.17
Coat(s),0.19,0.01,3,4.1,6.1,0.16,0.2,0.23
Dress,0.19,0.01,2.5,3.6,5.9,0.2,0.19,0.16
T shirt(s),0.18,0.02,4.4,6.3,5.3,0.17,0.22,0.15
Gloves,0.17,,3.6,,7.3,0.17,0.15,0.17
Sweatshirt,0.17,0.01,4.4,4.5,6.2,0.18,0.23,0.08
Boxer(s) (shorts),0.14,,3.4,,6,0.14,0.11,0.16
 Boxers,0.12,,3.4,,6,0.14,0.01,0.16
 Boxer shorts,0.02,,3.4,,6.1,0,0.1,0
Scarf,0.14,,3.5,,6.6,0.1,0.16,0.21
Tank top(s),0.14,,3.8,,6.3,0.14,0.13,0.14
Blouse,0.12,,3.6,,6.2,0.13,0.13,0.08
Tie(s),0.12,,2,,6.6,0.12,0.12,0.14
Belt(s),0.1,,3.4,,6.3,0.11,0.09,0.07
Panties,0.05,,3,,5.8,0.02,0.06,0.1
Undershirt,0.05,,4.1,,7.2,0.05,0.08,0.05
,,,,,,,,
32. A part of a building,,,,,,,,
Response,Total,First,RT,RT,Rank,UCB,UMCP,UNCG
,-673,,Overall,First,,-357,-150,-166
Window(s),0.6,0.13,3.5,4.5,3.4,0.6,0.59,0.63
Door(s),0.59,0.19,3.2,3.9,3,0.58,0.53,0.65
Floor(s),0.44,0.06,3.8,6.1,3.9,0.47,0.38,0.44
Wall(s),0.42,0.05,3.3,4.7,3.7,0.44,0.39,0.42
Roof,0.4,0.11,3.7,4.6,3.6,0.42,0.44,0.33
Stairs/steps,0.39,0.05,3.9,4.9,4,0.38,0.37,0.45
 Stairs,0.32,0.04,3.8,4.8,4.1,0.31,0.26,0.39
 Steps,0.03,,4,,3.6,0.01,0.05,0.04
 Stairway,0.02,,4.7,,2.9,0.02,0.02,0.01
 Stairwell,0.02,,4.1,,4.6,0.03,0.02,0.01
 Staircase,0.01,,4.5,,4,0.01,0.01,0.01
Elevator(s),0.35,0.02,4,6.5,4.1,0.36,0.3,0.36
Room(s),0.31,0.04,3.7,5.7,4.2,0.27,0.38,0.34
Ceiling(s),0.27,0.01,3.6,6.2,4.5,0.27,0.27,0.28
Basement/cellar,0.25,0.08,4.5,5.7,3.3,0.27,0.29,0.17
 Basement(s),0.25,0.08,4.5,5.7,3.3,0.27,0.29,0.16
 Cellar,0,,4.6,,2.7,0,0.01,0.01
Bathroom(s),0.16,0.02,4.2,5.8,4.6,0.17,0.13,0.15
Office(s),0.15,0.01,3.6,6.5,4.4,0.15,0.15,0.13
Hall(way),0.14,0.01,3.9,5.3,4.4,0.1,0.14,0.22
 Hallway(s),0.08,,4.1,,4.6,0.06,0.09,0.11
 Hall(s),0.05,0.01,3.5,4,4.1,0.04,0.05,0.1
Lobby,0.12,0.02,4.1,6,3.3,0.14,0.13,0.06
Brick(s),0.11,0.01,3.7,4.9,4.9,0.1,0.08,0.15
Foundation,0.08,0.02,4.9,5.8,3.8,0.08,0.07,0.1
Entrance,0.06,0.01,5.1,5.5,4.2,0.05,0.09,0.05
Attic,0.05,,2.9,,5.1,0.05,0.05,0.04
Carpet(s),0.05,,3.7,,6.8,0.06,0.02,0.05
,,,,,,,,
33. A chemical element,,,,,,,,
Response,Total,First,RT,RT,Rank,UCB,UMCP,UNCG
,-679,,Overall,First,,-369,-146,-164
Oxygen,0.58,0.13,4.8,7.5,3,0.63,0.55,0.49
Hydrogen,0.56,0.19,5.2,6.8,2.6,0.56,0.6,0.53
Carbon,0.35,0.08,4.2,6.2,3.3,0.37,0.38,0.29
Helium,0.31,0.03,4,7.2,3.3,0.3,0.37,0.26
Nitrogen,0.28,0.05,4.2,6.5,3.7,0.3,0.27,0.24
Gold,0.24,0.03,2.9,5.3,4.1,0.24,0.27,0.22
Iron,0.2,0.05,3.8,5.7,3.5,0.21,0.23,0.18
Silver,0.19,0.01,2.7,4,4.8,0.2,0.19,0.18
Sodium/NA,0.15,0.04,5.6,7.9,3.4,0.13,0.17,0.16
 Sodium,0.14,0.04,5.6,8,3.4,0.12,0.16,0.16
 Na,0.01,,5.2,,2,0.01,0.01,0
Potassium,0.13,0.02,5.4,7.7,4,0.12,0.16,0.1
Sulfur,0.13,0.02,4.5,6.9,3.7,0.13,0.14,0.12
Zinc,0.12,0.03,4.1,7,3.8,0.11,0.12,0.13
Copper,0.11,0.01,3.4,5.6,4,0.1,0.1,0.13
Chlorine,0.1,0.02,5.5,8.4,4.2,0.1,0.12,0.09
Neon,0.1,0.01,3.4,5.6,4.5,0.11,0.12,0.08
Calcium,0.09,,4.2,,4.5,0.07,0.1,0.1
Aluminum,0.08,0.01,4.9,6.8,4.1,0.05,0.12,0.12
Boron,0.08,0.02,4.1,7,4.1,0.07,0.14,0.05
Lithium,0.08,,4.3,,4,0.07,0.12,0.05
Mercury,0.08,0.02,5.1,8.9,3.7,0.05,0.11,0.1
Magnesium,0.07,,5.1,,4.3,0.07,0.07,0.07
Water/H2O,0.07,0.03,6,8.5,1.9,0.08,0.04,0.06
 Water,0.04,0.02,5.7,8.7,2,0.04,0.02,0.05
 H2O,0.03,0.02,6.3,8.3,1.9,0.04,0.02,0.01
Argon,0.06,0.01,4.5,5.8,4.2,0.06,0.06,0.07
Fluorine,0.05,,5.2,,6.1,0.06,0.05,0.03
Lead,0.05,,3.6,,4.8,0.06,0.07,0.01
Nickel,0.05,0.01,3.8,4.2,4.6,0.04,0.08,0.05
Uranium,0.05,0.01,5.4,6.3,3.8,0.05,0.03,0.06
,,,,,,,,
34. A musical instrument,,,,,,,,
Response,Total,First,RT,RT,Rank,UCB,UMCP,UNCG
,-658,,Overall,First,,-337,-150,-171
Drum(s),0.75,0.04,3,4,4.6,0.75,0.79,0.74
Guitar,0.72,0.14,3.2,3.9,3.5,0.79,0.66,0.64
Flute,0.71,0.17,3.1,3.3,3.7,0.68,0.75,0.72
Piano,0.6,0.13,3,3.7,3.3,0.58,0.61,0.62
Trumpet,0.55,0.14,3.7,4.1,3.7,0.58,0.55,0.5
Clarinet,0.46,0.07,3.6,3.7,4.4,0.4,0.54,0.49
Sax(ophone),0.46,0.06,4.4,4.8,4.6,0.47,0.47,0.44
 Saxophone,0.38,0.05,4.6,4.9,4.5,0.34,0.39,0.44
 Sax,0.09,0.01,3.3,4,5.2,0.13,0.08,0
Violin,0.44,0.09,3.7,4,4.1,0.47,0.43,0.39
Trombone,0.35,0.03,3.8,4.3,4.8,0.37,0.31,0.35
Tuba,0.33,0.03,3,3.3,5.1,0.31,0.37,0.33
Bass guitar,0.23,,3,,5.6,0.4,0.05,0.04
Cello,0.21,0.01,3.3,4,5.3,0.23,0.2,0.18
Oboe,0.17,0.02,2.8,3,5.4,0.17,0.17,0.17
Bass,0.12,,2.7,,5.6,0,0.23,0.26
Viola,0.12,0.01,2.9,4.1,5.4,0.13,0.13,0.11
Harp,0.1,,3,,5.4,0.08,0.11,0.13
Horn,0.09,0.03,3.4,3.8,3.9,0.07,0.09,0.12
Keyboard,0.09,,4.8,,6.4,0.08,0.1,0.09
French horn,0.08,,4.4,,6.7,0.07,0.07,0.11
Piccolo,0.07,,3.9,,6.8,0.07,0.09,0.06
Banjo,0.06,,3.9,,5.5,0.07,0.02,0.06
Harmonica,0.06,,4.2,,5.6,0.07,0.03,0.06
Cymbal(s),0.05,,4.9,,6.1,0.04,0.08,0.04
Organ,0.05,,2.9,,5.8,0.04,0.07,0.06
Tambourine(s),0.05,,4.4,,6.5,0.05,0.03,0.04
,,,,,,,,
35. A kind of money,,,,,,,,
Response,Total,First,RT,RT,Rank,UCB,UMCP,UNCG
,-694,,Overall,First,,-371,-150,-173
Dollar/US,0.85,0.43,4.7,6,2.2,0.86,0.83,0.83
 Dollar(s),0.73,0.39,4.6,5.9,2.1,0.75,0.72,0.69
 Dollar bill(s),0.09,0.03,5.5,6.8,2.7,0.08,0.1,0.09
 American,0.01,,6.8,,3.8,0,0.01,0.02
 American dollar,0.01,0.01,4.3,5.9,3.7,0.02,0,0
Penny/cent,0.47,0.08,3.5,5.5,3.5,0.43,0.48,0.52
 Penny(ies),0.38,0.07,3.6,5.6,3.6,0.34,0.38,0.47
 Cent(s),0.08,0.01,3.3,5.1,3,0.09,0.1,0.05
Dime(s),0.39,0.04,2.3,5.1,3.8,0.35,0.38,0.5
Nickel(s),0.39,0.03,3,5.6,3.7,0.35,0.38,0.49
Quarter(s),0.38,0.04,4.1,7.6,3.8,0.36,0.35,0.46
Peso(s),0.35,0.03,4.3,5.5,4,0.45,0.28,0.21
Yen,0.29,0.03,3.6,5,3.9,0.31,0.29,0.24
Coin(s),0.26,0.1,4,5.2,2.4,0.21,0.32,0.3
Franc(s),0.24,0.02,4.4,5.6,4.4,0.29,0.18,0.19
Euro,0.22,0.01,3.8,4.9,4.2,0.24,0.23,0.17
 Euro,0.2,0.01,3.6,4.9,4.1,0.22,0.22,0.15
 Euro dollar,0.02,,6,,5.4,0.02,0.01,0.02
Pound(s),0.21,0.01,4.6,6.1,4.6,0.25,0.17,0.16
Check(s),0.14,0.01,4.5,8.1,4.7,0.13,0.16,0.14
Lira,0.12,,3.2,,4.9,0.13,0.17,0.05
Credit (card),0.11,,4.8,,5,0.12,0.11,0.08
 Credit card(s),0.09,,4.8,,5.1,0.09,0.09,0.08
 Credit,0.02,,4.9,,4.5,0.02,0.01,0.01
Deutsch(mark),0.11,,5.2,,4.8,0.13,0.09,0.06
 Deutschmark(s),0.05,,6.1,,5.1,0.07,0.04,0.03
 Mark(s),0.05,,4.2,,4.5,0.06,0.05,0.03
Ruble(s),0.08,0.01,4.7,5.1,4.2,0.08,0.11,0.03
Bill(s),0.07,0.01,4.2,5.6,3.8,0.07,0.07,0.09
Cash,0.07,0.03,4.6,6.1,2.8,0.06,0.08,0.06
Half dollar(s),0.06,,4.2,,5.9,0.05,0.04,0.09
Paper,0.06,0.02,4.1,5.1,2.8,0.06,0.06,0.07
,,,,,,,,
36. A type of music,,,,,,,,
Response,Total,First,RT,RT,Rank,UCB,UMCP,UNCG
,-673,,Overall,First,,-341,-149,-183
Rap,0.74,0.23,2.4,3,2.9,0.7,0.77,0.8
Rock (& roll),0.74,0.25,3,3.4,2.9,0.75,0.74,0.72
 Rock,0.65,0.24,2.7,3.2,2.8,0.65,0.66,0.63
 Rock & roll,0.09,0.02,4.6,5.7,3.9,0.09,0.09,0.09
Classical,0.62,0.09,3.6,4.3,4.2,0.66,0.61,0.54
Country,0.61,0.05,3.4,4.4,4.5,0.57,0.56,0.74
Jazz,0.51,0.1,3,3.6,4.3,0.54,0.54,0.44
Hip hop,0.44,0.05,3.7,4.4,3.8,0.46,0.5,0.34
R & B,0.43,0.03,4.5,6.5,4.2,0.36,0.46,0.55
Pop,0.36,0.04,2.8,4.4,4.5,0.33,0.41,0.38
Alternative,0.34,0.01,4,5.7,4.9,0.33,0.41,0.3
Punk,0.19,0.02,2.7,3.5,4.6,0.22,0.19,0.14
Blues,0.18,,3,,5.6,0.17,0.22,0.17
Reggae,0.18,0.02,3.7,5,4.2,0.19,0.19,0.15
Oldies,0.14,,3.6,,6.2,0.14,0.12,0.13
Heavy metal,0.12,,4.3,,5.9,0.12,0.11,0.11
Techno,0.12,,3.7,,6,0.13,0.15,0.09
Bluegrass,0.1,,4.1,,6,0.09,0.08,0.13
Soul,0.09,,2.8,,5.5,0.11,0.05,0.08
Gospel,0.08,0.01,3.5,3.9,5.8,0.03,0.09,0.16
Opera,0.08,0.01,3.4,4,5.8,0.07,0.09,0.09
Classic rock,0.07,,3.9,,5,0.09,0.05,0.03
Folk,0.07,,3.4,,6.4,0.06,0.08,0.08
Dance,0.05,,3.1,,5.9,0.03,0.09,0.05
Metal,0.05,,3.6,,5,0.07,0.03,0.05
New age,0.05,,4.2,,6.5,0.06,0.04,0.04
Ska,0.05,0.01,2.2,3,4.8,0.06,0.07,0.04
,,,,,,,,
37. A bird,,,,,,,,
Response,Total,First,RT,RT,Rank,UCB,UMCP,UNCG
,-690,,Overall,First,,-371,-148,-171
Eagle,0.47,0.1,3.4,4.2,3.5,0.5,0.47,0.43
Robin(s),0.43,0.1,3.9,4.7,3.1,0.42,0.46,0.42
Bluejay,0.4,0.07,4.4,6,3,0.35,0.43,0.47
Cardinal,0.38,0.11,4.3,5.2,2.9,0.24,0.42,0.64
Hawk,0.3,0.03,3.4,4.7,4.5,0.36,0.24,0.23
Bluebird,0.29,0.08,4.3,4.8,2.7,0.26,0.28,0.35
Crow(s),0.24,0.02,3.5,5.5,4.2,0.25,0.21,0.25
Hummingbird,0.23,0.04,5.3,5.5,3.6,0.24,0.22,0.22
Parrot,0.22,0.04,4.4,5.5,3.5,0.21,0.22,0.25
Sparrow(s),0.21,0.03,4.2,5.1,3.5,0.24,0.18,0.16
Pigeon(s),0.2,0.04,4.7,5.3,3.9,0.18,0.28,0.17
Seagull(s),0.13,0.01,4.4,4.4,4.2,0.14,0.13,0.1
Dove,0.12,0.01,3.1,4.1,4.3,0.12,0.08,0.15
Parakeet,0.12,0.02,5,5.4,3.5,0.12,0.15,0.08
Falcon(s),0.11,0.01,3.3,5,4.1,0.13,0.09,0.09
Canary,0.1,0.04,4.5,4.3,2.9,0.07,0.13,0.12
Owl(s),0.1,0.01,3.1,4.8,4.8,0.11,0.09,0.07
Ostrich,0.09,0.01,4.8,6.7,4.4,0.06,0.11,0.14
Penguin,0.09,0.01,4.6,6,4.1,0.08,0.12,0.08
Raven,0.09,,3,,4.5,0.1,0.1,0.07
Duck,0.08,0.01,3.5,3.4,4.8,0.1,0.07,0.06
Finch,0.08,0.01,3.9,4,4.3,0.06,0.09,0.08
Mockingbird,0.08,0.01,4.7,4.8,3.8,0.08,0.08,0.08
Woodpecker(s),0.08,0.01,5.8,7,4.4,0.08,0.08,0.07
Flamingo,0.07,0.01,4.7,6.4,4.4,0.06,0.07,0.09
Oriole,0.07,0.01,4,4.3,3.8,0.03,0.23,0.04
Blackbird,0.06,0.01,4.7,6.4,4.1,0.06,0.05,0.08
Chicken,0.06,,4,,5.2,0.05,0.06,0.07
Vulture,0.05,,3.9,,5.5,0.04,0.05,0.06
,,,,,,,,
,,,,,,,,
39. A transportation vehicle,,,,,,,,
Response,Total,First,RT,RT,Rank,UCB,UMCP,UNCG
,-696,,Overall,First,,-364,-149,-183
Car(s),0.89,0.69,3.1,3.3,1.4,0.87,0.85,0.95
Bus,0.58,0.11,2.3,3.7,2.8,0.6,0.34,0.75
Truck(s),0.56,0.05,3,4.6,3.1,0.5,0.73,0.54
(Air)plane,0.54,,3.5,,4.4,0.55,0.3,0.7
 Airplane,0.32,,3.7,,4.4,0.22,0.11,0.7
 Plane,0.21,,3.2,,4.3,0.33,0.19,0
Train(s),0.44,,3.1,,4.5,0.45,0.17,0.63
Bike/bicycle,0.42,0.01,3.9,3.6,4.9,0.45,0.3,0.48
 Bike,0.25,0.01,3.4,3.6,4.7,0.39,0.2,0
 Bicycle(s),0.18,,4.7,,5.2,0.06,0.09,0.48
Van,0.32,0.02,2.6,3.6,3.6,0.27,0.36,0.37
Boat/ship,0.3,,3.3,,5.4,0.3,0.19,0.39
 Boat(s),0.26,,3.4,,5.2,0.26,0.17,0.32
 Ship,0.04,,2.4,,6.6,0.04,0.01,0.07
Motorcycle(s),0.3,,5.6,,4.7,0.3,0.36,0.25
SUV,0.2,0.02,3.4,5.1,4,0.18,0.26,0.2
Skateboard(s),0.1,,5.1,,6.2,0.15,0.02,0.08
Subway,0.1,,4.3,,5.8,0.1,0.02,0.18
Taxi/cab,0.1,,3.8,,5,0.1,0.04,0.16
 Taxi,0.08,,4.2,,5,0.09,0.01,0.11
 Cab,0.03,,2.7,,5.1,0.02,0.03,0.05
Scooter,0.09,,4.3,,6.2,0.11,0.07,0.08
Helicopter,0.08,,4.8,,5.6,0.07,0.08,0.11
Jeep,0.07,0.01,3.4,4.8,4.1,0.08,0.08,0.04
Moped,0.07,,3.7,,5.3,0.08,0.05,0.05
Ford,0.05,,2.8,,5.2,0.06,0.05,0.01
Minivan,0.05,,4.5,,4.5,0.05,0.1,0.01
Sports car,0.05,,4.7,,4.2,0.04,0.11,0.02
,,,,,,,,
40. A science,,,,,,,,
Response,Total,First,RT,RT,Rank,UCB,UMCP,UNCG
,-691,,Overall,First,,-370,-150,-171
Biology,0.9,0.43,4.5,5,1.9,0.89,0.91,0.91
Chemistry,0.8,0.17,4.4,5.5,2.6,0.78,0.81,0.82
Physics,0.58,0.06,4.4,5.3,3.3,0.63,0.67,0.42
Psychology,0.53,0.13,5.6,6.2,2.8,0.58,0.57,0.36
Astronomy,0.21,0.01,4.9,6.7,3.8,0.24,0.24,0.11
Geology,0.17,0.02,4.1,4.7,3.6,0.19,0.17,0.13
Earth,0.14,0.02,5,5.4,3.6,0.08,0.09,0.32
Anatomy,0.12,0.01,4.6,4.5,4.2,0.08,0.09,0.22
Sociology,0.11,,5.1,,4,0.14,0.06,0.09
Kinesiology,0.09,0.01,5.9,8.1,3.9,0.15,0.02,0
Physiology,0.08,,5.5,,4.3,0.06,0.09,0.1
Anthropology,0.06,0.01,6.4,9.1,4.1,0.05,0.05,0.07
Biochemistry,0.06,,5.4,,4.5,0.08,0.07,0.02
Physical,0.06,0.01,6.2,6.4,3.5,0.03,0.06,0.14
,,,,,,,,
41. A toy,,,,,,,,
Response,Total,First,RT,RT,Rank,UCB,UMCP,UNCG
,-645,,Overall,First,,-326,-149,-170
Doll(s),0.48,0.1,3.8,5.1,2.9,0.45,0.51,0.5
Car(s),0.36,0.15,3.8,4.4,2.4,0.38,0.36,0.32
Barbie doll(s),0.31,0.05,4.1,5.7,3,0.29,0.26,0.38
Ball,0.27,0.11,3.6,4.1,2.7,0.26,0.25,0.31
Truck(s),0.23,0.09,3.9,4.3,2.4,0.26,0.17,0.21
Lego(s),0.2,0.02,4.1,5.9,3.7,0.21,0.2,0.16
Stuffed animal(s),0.2,0.03,6.8,8.2,3.4,0.22,0.21,0.15
Action figure(s),0.18,0.03,5.9,7.9,3.1,0.15,0.22,0.19
G I Joe,0.18,0.03,5.1,6.7,3.3,0.18,0.14,0.22
Block(s),0.12,0.02,4.9,5.5,3.5,0.11,0.12,0.14
Train (set),0.12,0.03,3.8,4.5,3.1,0.11,0.11,0.14
 Train(s),0.1,0.03,3.5,3.7,3.2,0.09,0.1,0.12
 Train set,0.02,,5.5,,2.7,0.02,0.01,0.02
Video game(s),0.11,0.01,5.9,8.2,3.5,0.11,0.13,0.08
Board game(s),0.09,0.01,5.7,10.3,4.3,0.1,0.13,0.05
Bike(s),0.08,0.02,4,3.4,3.8,0.07,0.05,0.11
Boat,0.06,0.03,3.8,4.7,2.1,0.08,0.04,0.04
Puzzle(s),0.06,0.01,4.6,6.4,3.7,0.06,0.08,0.04
Teddy bear(s),0.06,0.02,5.6,7.5,2.8,0.06,0.07,0.05
Computer,0.05,,5.7,,4.5,0.04,0.08,0.05
Jump rope,0.05,,5.3,,4.1,0.06,0.03,0.05
Nintendo,0.05,,5.2,,3.7,0.05,0.06,0.04
Yo-yo,0.05,0.01,4.6,5.1,3.5,0.06,0.06,0.05
,,,,,,,,
42. A type of dance,,,,,,,,
Response,Total,First,RT,RT,Rank,UCB,UMCP,UNCG
,-691,,Overall,First,,-372,-149,-170
Ballet,0.4,0.11,3.7,4.4,2.9,0.37,0.42,0.44
Tango,0.38,0.13,4.2,4.6,2.7,0.45,0.29,0.29
Salsa,0.36,0.17,3.9,4.3,2.5,0.41,0.39,0.25
Hip hop,0.33,0.06,4.5,5.6,3.5,0.4,0.28,0.24
Jazz,0.3,0.04,2.9,3.9,3.4,0.3,0.29,0.32
Waltz,0.28,0.04,5,6.6,3.4,0.33,0.19,0.25
Tap,0.27,0.02,3.1,5.7,4.2,0.26,0.26,0.32
Swing,0.24,0.04,3.9,3.9,3.6,0.26,0.23,0.21
Ballroom,0.19,0.02,4.9,6.6,4,0.19,0.29,0.11
Modern,0.16,0.03,3.8,3.8,3.6,0.13,0.19,0.21
Break,0.14,0.01,5.9,6.6,3.6,0.16,0.11,0.1
Line,0.12,0.01,4.7,6,3.9,0.15,0.09,0.09
Square,0.12,0.02,6.4,6.4,3.5,0.1,0.14,0.12
Slow,0.11,0.01,5.1,7.6,3.7,0.1,0.13,0.12
Cha cha,0.08,0.01,5.1,6.2,3.7,0.08,0.08,0.1
Merengue,0.08,0.01,5.3,7.5,3.6,0.09,0.11,0.05
Macarena,0.07,0.01,5.6,5.3,3.4,0.06,0.11,0.04
Electric slide,0.06,,6.2,,3.5,0.02,0.11,0.1
Foxtrot,0.06,,4.9,,4.5,0.07,0.03,0.05
Mambo,0.06,0.02,4.6,4.8,2.4,0.07,0.05,0.03
Two step,0.06,,5.5,,3.8,0.08,0.01,0.05
African,0.05,0.01,4.9,3.9,4.6,0.04,0.03,0.08
,,,,,,,,
43. A vegetable,,,,,,,,
Response,Total,First,RT,RT,Rank,UCB,UMCP,UNCG
,-667,,Overall,First,,-357,-150,-160
Carrot(s),0.77,0.38,3.7,3.9,2.2,0.82,0.75,0.67
Lettuce,0.49,0.06,4.2,6.1,3.5,0.54,0.47,0.38
Broccoli,0.42,0.1,5.4,6.3,3.1,0.45,0.47,0.29
Tomato,0.36,0.11,4.4,5.5,2.9,0.33,0.33,0.44
Cucumber(s),0.31,0.04,5.3,6.2,3.7,0.32,0.39,0.24
Peas,0.31,0.03,3.1,4.6,3.6,0.32,0.29,0.29
Corn,0.3,0.06,3.5,4.3,3.5,0.25,0.29,0.39
Potato,0.28,0.04,4.5,5.8,3.4,0.22,0.28,0.41
Celery,0.27,0.04,4.4,6.5,3.3,0.32,0.2,0.23
Onion(s),0.24,0.01,3.9,4.6,4.3,0.24,0.23,0.26
Green bean(s),0.2,0.03,5.1,6.3,3.6,0.16,0.22,0.26
Spinach,0.14,0.01,5,9.4,4.3,0.12,0.15,0.17
Squash,0.14,0.01,5.5,6.1,4.3,0.12,0.18,0.14
Bean(s),0.12,0.01,3.9,5.2,4.3,0.14,0.09,0.12
Cauliflower,0.12,,5.5,,4.7,0.15,0.13,0.07
Cabbage,0.1,0.01,4.2,7.2,4.4,0.08,0.12,0.14
Radish,0.1,,4.6,,5,0.12,0.09,0.08
Asparagus,0.09,,4.9,,4,0.12,0.08,0.06
Pepper(s),0.07,,4.5,,4.7,0.04,0.13,0.08
Tomatoes,0.07,0.01,4,4.9,3.4,0.12,0,0.02
Beet(s),0.06,,3.9,,4.8,0.05,0.07,0.07
Green pepper(s),0.05,,5.8,,4,0.06,0.05,0.04
Potatoes,0.05,0.01,4.5,5.3,4.2,0.07,0,0.06
Turnip(s),0.05,,4.4,,4.7,0.05,0.03,0.07
Zucchini,0.05,,5.9,,4.2,0.06,0.05,0.03
,,,,,,,,
44. A type of footwear,,,,,,,,
Response,Total,First,RT,RT,Rank,UCB,UMCP,UNCG
,-668,,Overall,First,,-349,-150,-169
Sandal(s),0.77,0.19,3.9,5.1,2.7,0.79,0.73,0.75
Boot(s),0.58,0.06,3.3,4.6,3.4,0.56,0.64,0.59
(High) heels,0.4,0.03,4.6,5.7,3.8,0.37,0.46,0.4
 High heel(s),0.3,0.02,4.8,6.2,3.8,0.3,0.38,0.24
 Heels,0.09,0.01,4.1,4.3,3.7,0.07,0.08,0.15
Shoe(s),0.38,0.29,3.8,4,1.4,0.38,0.41,0.36
Tennis,0.35,0.11,5,6,2.7,0.36,0.27,0.42
Flip flop(s),0.32,0.01,5.2,7.5,4.2,0.27,0.35,0.39
Sneaker(s),0.32,0.13,4.2,4.8,2.4,0.21,0.57,0.34
Slipper(s),0.22,,4.3,,4.5,0.21,0.31,0.17
Sock(s),0.2,0.01,3.5,4.6,3.9,0.18,0.23,0.21
Dress,0.15,,5.4,,4.3,0.15,0.21,0.11
Nike(s),0.15,0.06,3.9,4.3,2.6,0.15,0.09,0.19
Running shoes,0.15,0.02,5.4,6.8,3.5,0.19,0.11,0.08
Adidas,0.11,0.01,4.2,5.5,3.5,0.12,0.07,0.14
Clog(s),0.11,,3.9,,4.5,0.12,0.09,0.11
Cleat(s),0.1,0.01,4.1,6.3,4.7,0.11,0.1,0.07
Loafer(s),0.09,,4.8,,4.4,0.09,0.09,0.07
Pump(s),0.08,,3.9,,4.5,0.08,0.08,0.07
Reebok(s),0.08,,3.6,,3.6,0.1,0.04,0.09
Hiking boots/shoes,0.07,,5.1,,5,0.1,0.05,0.03
 Hiking boot(s),0.06,,5,,5,0.09,0.03,0.03
 Hiking shoes,0.01,,5.9,,5,0.01,0.01,0
Moccasin(s),0.06,,6.2,,4.8,0.05,0.09,0.04
Platform(s),0.05,,4.2,,4.3,0.06,0.05,0.03
,,,,,,,,
45. An insect,,,,,,,,
Response,Total,First,RT,RT,Rank,UCB,UMCP,UNCG
,-667,,Overall,First,,-340,-149,-178
Fly,0.61,0.19,3.5,4.2,2.6,0.57,0.64,0.67
Ant,0.57,0.18,3.3,3.9,2.7,0.57,0.64,0.53
Spider(s),0.43,0.11,4.1,4.6,2.9,0.44,0.38,0.45
Bee(s),0.41,0.11,3.2,3.6,3.1,0.44,0.47,0.3
Mosquito,0.33,0.07,5.6,6.1,3.1,0.34,0.32,0.31
Beetle(s),0.31,0.05,4.7,5.2,3.4,0.35,0.29,0.26
Lady bug(s),0.27,0.06,5.1,5.4,3.1,0.29,0.23,0.27
Grasshopper(s),0.2,0.04,5.7,6,3.4,0.21,0.12,0.25
Butterfly,0.19,0.02,5.1,5.6,4.3,0.2,0.21,0.17
Wasp(s),0.17,,3.1,,4.9,0.19,0.18,0.12
Roach,0.16,0.01,3.8,5.2,3.6,0.11,0.16,0.26
Moth(s),0.15,,3.5,,4.6,0.17,0.16,0.1
Gnat(s),0.14,,4.7,,4.3,0.11,0.1,0.24
Cockroach,0.12,0.01,6.6,7.6,3.7,0.14,0.18,0.06
Caterpillar,0.11,0.01,6.6,6.7,4.1,0.11,0.1,0.12
Bug(s),0.1,0.07,4,3.6,1.9,0.1,0.1,0.11
Centipede,0.09,,6.4,,4,0.1,0.07,0.08
Cricket(s),0.09,0.01,4.5,4,3.8,0.07,0.11,0.12
Worm(s),0.09,,4.8,,4.8,0.07,0.12,0.09
Praying mantis,0.08,0.01,7,8,3.8,0.11,0.05,0.06
Dragonfly,0.06,,5.3,,4.3,0.05,0.13,0.03
Flea,0.05,,4,,4.4,0.06,0.05,0.04
Hornet(s),0.05,,3.3,,5,0.07,0.05,0.02
,,,,,,,,
,,,,,,,,
,,,,,,,,
,,,,,,,,
,,,,,,,,
,,,,,,,,
,,,,,,,,
,,,,,,,,
,,,,,,,,
,,,,,,,,
,,,,,,,,
,,,,,,,,
,,,,,,,,
,,,,,,,,
,,,,,,,,
,,,,,,,,
,,,,,,,,
,,,,,,,,
,,,,,,,,
,,,,,,,,
,,,,,,,,
,,,,,,,,
,,,,,,,,
,,,,,,,,
,,,,,,,,
,,,,,,,,
,,,,,,,,
,,,,,,,,
,,,,,,,,
,,,,,,,,
,,,,,,,,
,,,,,,,,
,,,,,,,,
,,,,,,,,
,,,,,,,,
,,,,,,,,
,,,,,,,,
,,,,,,,,
,,,,,,,,
,,,,,,,,
,,,,,,,,
,,,,,,,,
,,,,,,,,
,,,,,,,,
,,,,,,,,
,,,,,,,,
,,,,,,,,
,,,,,,,,
,,,,,,,,
,,,,,,,,
,,,,,,,,
,,,,,,,,
,,,,,,,,
,,,,,,,,
,,,,,,,,
,,,,,,,,
,,,,,,,,
,,,,,,,,
,,,,,,,,
,,,,,,,,
,,,,,,,,
,,,,,,,,
,,,,,,,,
,,,,,,,,
,,,,,,,,
,,,,,,,,
,,,,,,,,
,,,,,,,,
,,,,,,,,
,,,,,,,,
,,,,,,,,
,,,,,,,,
,,,,,,,,
,,,,,,,,
,,,,,,,,
,,,,,,,,
,,,,,,,,
,,,,,,,,
,,,,,,,,
,,,,,,,,
,,,,,,,,
,,,,,,,,
,,,,,,,,
,,,,,,,,
,,,,,,,,
,,,,,,,,
,,,,,,,,
,,,,,,,,
,,,,,,,,
,,,,,,,,
,,,,,,,,
,,,,,,,,
,,,,,,,,
,,,,,,,,
,,,,,,,,
,,,,,,,,
,,,,,,,,
,,,,,,,,
,,,,,,,,
,,,,,,,,
,,,,,,,,
,,,,,,,,
,,,,,,,,
,,,,,,,,
,,,,,,,,
,,,,,,,,
,,,,,,,,
,,,,,,,,
,,,,,,,,
,,,,,,,,
,,,,,,,,
,,,,,,,,
,,,,,,,,
,,,,,,,,
,,,,,,,,
,,,,,,,,
,,,,,,,,
,,,,,,,,
,,,,,,,,
,,,,,,,,
,,,,,,,,
,,,,,,,,
,,,,,,,,
,,,,,,,,
,,,,,,,,
,,,,,,,,
,,,,,,,,
,,,,,,,,
,,,,,,,,
,,,,,,,,
,,,,,,,,
,,,,,,,,
,,,,,,,,
,,,,,,,,
,,,,,,,,
,,,,,,,,
,,,,,,,,
,,,,,,,,
,,,,,,,,
,,,,,,,,
,,,,,,,,
,,,,,,,,
,,,,,,,,
,,,,,,,,
,,,,,,,,
48. A flower,,,,,,,,
Response,Total,First,RT,RT,Rank,UCB,UMCP,UNCG
,-690,,Overall,First,,-371,-150,-169
Rose(s),0.96,0.48,2.8,3.3,1.8,0.96,0.95,0.96
Daisy,0.59,0.18,3.8,3.8,2.7,0.59,0.53,0.63
Tulip,0.53,0.07,4.3,3.9,3,0.56,0.51,0.49
Lily,0.3,0.03,4.1,4,3.7,0.33,0.28,0.26
Carnation(s),0.29,0.01,5.3,4.2,3.9,0.28,0.31,0.31
Daffodil(s),0.23,0.02,5.4,5.6,3.6,0.2,0.31,0.21
Sunflower(s),0.23,0.02,5.8,5.6,3.7,0.3,0,0.29
Dandelion(s),0.2,0.03,5.8,6.2,3.6,0.19,0.23,0.21
Pansy,0.11,0.01,5,4.4,4,0.12,0.07,0.13
Orchid(s),0.09,0.01,5.5,4.2,4.1,0.08,0.09,0.09
Petunia(s),0.09,0.02,4.8,4.5,3.2,0.11,0.09,0.06
Sun,0.09,0.01,5.6,4.7,3.6,0.01,0.37,0
Violet(s),0.09,,4.9,,3.9,0.08,0.11,0.09
Iris,0.08,0.01,3.6,3.4,4,0.1,0.06,0.06
Lilac,0.08,0.01,4.7,4.2,3.7,0.1,0.05,0.06
Columbine(s),0.05,0.01,6.1,5.5,3.4,0.09,0,0
,,,,,,,,
49. A disease,,,,,,,,
Response,Total,First,RT,RT,Rank,UCB,UMCP,UNCG
,-675,,Overall,First,,-361,-148,-166
AIDS/HIV,0.88,0.36,4,4.6,2.2,0.87,0.84,0.95
 AIDS,0.67,0.32,4.1,4.6,2,0.66,0.66,0.72
 HIV,0.21,0.04,3.8,4.8,2.8,0.21,0.18,0.23
 AIDS/HIV,0,,4.7,,3.7,0.01,0.01,0
Cancer,0.64,0.26,4.1,4.2,2.1,0.64,0.68,0.6
Flu,0.15,0.03,4.2,4.7,3.1,0.18,0.12,0.1
Diabetes,0.12,0.02,5.5,5.7,3.1,0.1,0.15,0.11
Herpes,0.12,0.02,5.1,4.9,3.5,0.11,0.14,0.13
Cold,0.11,0.01,4,6.6,3.2,0.14,0.07,0.07
 Cold,0.1,0.01,4,6.5,3.3,0.13,0.07,0.07
 Common cold,0.01,,4.4,7.1,2.5,0.01,0.01,0.01
Parkinson’s,0.11,0.02,6.3,5.8,2.9,0.14,0.08,0.08
Alzheimer’s,0.1,0.01,6.9,5.5,3.5,0.1,0.09,0.1
Leukemia,0.1,0.01,6.5,9,3,0.09,0.13,0.1
Heart disease,0.09,0.01,6.1,6.3,3.2,0.05,0.13,0.14
Chicken pox,0.07,0.01,6.2,6.4,3.5,0.06,0.11,0.05
Hepatitis,0.07,,6.2,4.4,3.5,0.08,0.06,0.07
 Hepatitis,0.06,,6.1,4.4,3.3,0.06,0.06,0.05
 Hepatitis B,0.01,,8.1,,5,0.01,0,0.01
 Hepatitis A,0,,5.4,,4.7,0.01,0,0.01
 Hepatitis C,0,,5.2,,3.5,0.01,0,0
MS/multiple sclerosis,0.07,0.01,6.6,8.4,3.1,0.09,0.05,0.04
 MS,0.04,0.01,5.4,7.8,3.3,0.07,0.03,0
 Multiple sclerosis,0.03,,8.5,9.5,2.8,0.02,0.02,0.04
Gonorrhea,0.06,,6.2,5.9,4,0.06,0.05,0.07
Malaria,0.06,0.02,5.5,4.2,2.9,0.05,0.13,0.04
Smallpox,0.06,0.01,5.3,5.4,3.2,0.08,0.06,0.03
Syphilis,0.06,,6.9,5.3,3.7,0.06,0.05,0.05
Measles,0.05,0.01,5.3,5.1,2.7,0.04,0.06,0.04
Mono/mononucleosis,0.05,0.01,5,5.2,3.4,0.05,0.05,0.04
 Mono,0.03,0.01,4,3.6,3.3,0.05,0.04,0
 Mononucleosis,0.01,,7.7,11.7,3.7,0,0.01,0.04
STD(s),0.05,,7.1,4.4,3.3,0.05,0.03,0.07
Tuberculosis/TB,0.05,0.01,6.2,4.5,3.4,0.05,0.06,0.05
 Tuberculosis,0.04,,6.6,4.8,3.5,0.03,0.05,0.05
 TB,0.01,,4.6,4,3,0.02,0.01,0
,,,,,,,,
50. A tree,,,,,,,,
Response,Total,First,RT,RT,Rank,UCB,UMCP,UNCG
,-653,,Overall,First,,-338,-149,-166
Oak,0.68,0.31,3.2,3.6,2.2,0.63,0.75,0.71
Pine,0.63,0.1,3.4,3.8,3,0.64,0.56,0.69
Maple,0.45,0.1,3.7,4,3,0.42,0.5,0.48
Apple,0.31,0.03,4.3,5.4,4.3,0.26,0.4,0.33
Aspen,0.2,0.02,3.5,3.9,3.4,0.37,0.01,0.01
Redwood,0.2,0.02,4.5,4.9,3.7,0.2,0.22,0.19
Dogwood,0.18,0.05,4.8,5,3.4,0.06,0.12,0.46
Spruce,0.16,0.05,4.4,4.9,2.9,0.23,0.07,0.09
Evergreen,0.15,0.02,5.2,6.1,4,0.18,0.11,0.1
Birch,0.13,0.03,4.4,4.8,3.4,0.13,0.14,0.11
Cherry,0.13,,4.7,,4.8,0.11,0.2,0.11
Weeping willow,0.13,0.02,5,5.1,3.9,0.18,0.08,0.07
Orange,0.12,,3.7,,5.5,0.1,0.15,0.14
Elm,0.1,0.03,3,3.3,3.4,0.14,0.06,0.04
Fir,0.1,0.01,3.7,2.7,4,0.12,0.07,0.07
Palm,0.1,0.01,4.8,6.3,4.1,0.11,0.09,0.08
Cedar,0.09,,4.3,,4.3,0.09,0.07,0.11
Pear,0.09,,2.8,,5.5,0.06,0.12,0.11
Leaf(ves),0.08,0.03,4,5,2.3,0.1,0.03,0.07
Willow,0.07,0.01,4.7,4,3.5,0,0.15,0.13
Christmas,0.06,,6.1,,4,0.05,0.07,0.07
Peach,0.06,,4.1,,4.9,0.04,0.1,0.05
Blue spruce,0.05,0.01,6.8,7.4,3.8,0.08,0.02,0
Green,0.05,0.01,3.7,3.9,3.4,0.07,0.01,0.02
Sycamore,0.05,0.01,5.2,5.8,3.1,0.03,0.07,0.05
,,,,,,,,
51. A type of ship or boat,,,,,,,,
Response,Total,First,RT,RT,Rank,UCB,UMCP,UNCG
,-645,,Overall,First,,-335,-148,-162
Sailboat,0.53,0.22,5.2,6.1,2.3,0.59,0.49,0.44
Cruise ship/liner,0.52,0.14,5.8,7,2.7,0.53,0.55,0.45
 Cruise ship,0.27,0.06,5.9,7.5,2.7,0.24,0.26,0.36
 Cruise,0.12,0.04,5.1,5.9,2.5,0.17,0.16,0
 Cruise liner,0.06,0.01,6.1,8.6,3,0.07,0.05,0.04
 Cruiser,0.04,0.02,6.1,7,2.4,0.04,0.07,0.03
 Cruise boat,0.02,0.01,6.3,8.7,2.9,0.02,0.01,0.02
Yacht,0.29,0.12,5.4,6.4,2.3,0.25,0.32,0.33
Speedboat,0.23,0.05,5.3,7.1,2.9,0.27,0.2,0.2
Fishing boat,0.22,0.02,5.3,8.2,3.5,0.21,0.21,0.26
Canoe,0.21,0.03,5,8.9,3.8,0.19,0.22,0.24
Rowboat,0.18,0.03,4.6,6.7,3.5,0.19,0.19,0.15
Motor,0.13,0.01,5.1,6.2,3.3,0.16,0.14,0.09
Tugboat,0.13,0.05,5.4,7.2,2.6,0.11,0.18,0.14
Submarine,0.12,0.02,6.1,8.4,3.6,0.12,0.11,0.12
(Aircraft) carrier,0.11,0.02,7,9.7,3.1,0.13,0.09,0.1
 Aircraft carrier,0.08,0.02,7.6,11.1,3,0.1,0.07,0.07
 Carrier,0.03,0.01,5.3,6.3,3.1,0.03,0.03,0.03
Battleship,0.11,0.01,5.1,6.4,3.1,0.12,0.11,0.07
Kayak,0.08,,4.4,,4.3,0.09,0.07,0.07
Paddle boat,0.07,,5.2,,4,0.05,0.08,0.09
Raft,0.07,,4.1,,4,0.07,0.07,0.06
Titanic,0.07,0.03,6,7.6,2.2,0.04,0.09,0.1
Barge,0.06,0.01,4.5,5.2,3.4,0.06,0.07,0.05
Cargo,0.06,,5.4,,3.6,0.06,0.08,0.04
Catamaran,0.06,0.01,5.8,7.6,2.8,0.07,0.05,0.02
Ding(h)y,0.06,0.01,4.9,9.3,3.3,0.06,0.05,0.06
 Dingy,0.05,0.01,5.1,9.7,3.4,0.05,0.05,0.05
 Dinghy,0.01,,3.7,,2.4,0.01,0,0.01
Pontoon,0.06,0.01,5.5,6.7,3.4,0.06,0.01,0.11
Steam,0.06,0.02,5.4,7.5,3,0.05,0.07,0.06
 Steamboat,0.02,,5.9,,3.1,0.02,0,0.06
 Steamship,0.02,0.01,5.2,6.6,3,0.01,0.07,0
 Steam(er),0.01,,4.8,,2.6,0.02,0,0.01
Ferry,0.05,0.01,5.2,6.8,3.4,0.05,0.05,0.04
Schooner,0.05,0.02,4.6,5.7,2,0.07,0.03,0.03
Ski,0.05,0.01,4.9,5.9,3.4,0.07,0.01,0.05
,,,,,,,,
52. A fish,,,,,,,,
Response,Total,First,RT,RT,Rank,UCB,UMCP,UNCG
,-655,,Overall,First,,-326,-149,-180
Salmon,0.51,0.11,4,5.1,3,0.6,0.6,0.27
Trout,0.51,0.17,3.8,4.4,2.7,0.66,0.36,0.38
Goldfish,0.44,0.13,5,5.6,3,0.4,0.49,0.47
Bass,0.33,0.07,3.5,4.5,3.1,0.32,0.26,0.41
Catfish,0.27,0.05,4.5,4.5,3.5,0.18,0.26,0.45
Tuna,0.25,0.03,3.2,4,3.7,0.28,0.33,0.16
Shark,0.24,0.03,4.7,7.5,4,0.22,0.25,0.28
Flounder,0.18,0.05,4.8,5.5,3.1,0.07,0.25,0.34
Swordfish,0.15,0.01,5.4,6.1,4.1,0.17,0.15,0.12
Herring,0.11,0.03,4.2,4.1,3.2,0.1,0.14,0.13
Carp,0.1,0.03,3.6,3.6,3,0.13,0.03,0.1
Beta,0.09,,3.5,,4.1,0.07,0.03,0.16
Cod,0.09,0.03,3.7,3.3,3.1,0.13,0.1,0.03
Angelfish,0.08,0.01,5.4,5.4,4.1,0.09,0.06,0.08
Dolphin,0.08,0.01,4.9,6.4,3.7,0.07,0.05,0.13
Mahi mahi,0.08,,4.2,,4.2,0.11,0.03,0.05
Blowfish,0.07,0.02,5.9,5.5,3.3,0.05,0.09,0.12
Guppy(ies),0.07,0.01,4.2,4.4,4,0.08,0.06,0.07
Halibut,0.07,,4.2,,4.3,0.12,0.03,0.02
Perch,0.07,0.01,4.2,3.9,4,0.05,0.09,0.08
Rainbow trout,0.06,0.01,5.9,7.8,3.3,0.1,0.01,0.01
Marlin,0.05,,4,,4.6,0.07,0.03,0.03
Minnow(s),0.05,,4.8,,4.3,0.04,0.05,0.08
Pike,0.05,0.01,3.7,4.1,3.3,0.07,0.03,0.04
Piranha(s),0.05,,6.3,,4.1,0.07,0.03,0.04
Snapper,0.05,,4.5,,4.3,0.07,0.01,0.04
Whale,0.05,,2.9,,4.4,0.03,0.05,0.07
,,,,,,,,
53. A snake,,,,,,,,
Response,Total,First,RT,RT,Rank,UCB,UMCP,UNCG
,-654,,Overall,First,,-339,-146,-166
Rattle(snake),0.75,0.39,5,5.2,1.9,0.78,0.67,0.78
 Rattlesnake,0.44,0.26,5.4,5.4,1.8,0.33,0.32,0.78
 Rattle,0.24,0.11,4.2,4.4,2,0.32,0.33,0
 Rattler,0.07,0.03,5,5.7,2.2,0.13,0.02,0
Garden(er),0.54,0.06,5.4,6.2,3.2,0.63,0.42,0.43
 Gardener,0.33,0.04,5.4,6.3,3.1,0.63,0,0
 Garden,0.21,0.02,5.4,6,3.4,0,0.42,0.43
Cobra,0.5,0.14,3.9,4.5,2.5,0.46,0.56,0.53
Python(s),0.42,0.07,5,4.7,3.1,0.47,0.38,0.34
Boa (constrictor),0.36,0.07,5.8,7.3,2.9,0.44,0.3,0.26
 Boa constrictor(s),0.22,0.05,6.9,8.5,2.9,0.22,0.19,0.26
 Boa,0.14,0.02,4,4.9,3,0.22,0.11,0
Anaconda,0.21,0.02,5.2,5,3.8,0.2,0.27,0.17
Copperhead,0.17,0.04,4.9,5.1,3,0.08,0.16,0.35
Black snake,0.14,0.01,4,5.6,3.5,0.02,0.15,0.37
Viper,0.13,0.03,4.1,4,3,0.15,0.11,0.08
Water,0.09,,4.8,,4.2,0.07,0.09,0.12
Diamondback,0.08,,6.1,,3.6,0.08,0.05,0.09
King snake,0.08,0.01,4.3,6.3,3.7,0.09,0.04,0.1
Coral snake,0.06,0.01,3.8,4.5,4.1,0.06,0.05,0.06
Green snake,0.06,,3.5,,4.2,0.04,0.03,0.13
Poisonous,0.06,0.01,7.5,7.2,3.4,0.04,0.07,0.07
Corn,0.05,0.01,4.1,5.7,3.8,0.04,0.04,0.06
Cottonmouth,0.05,0.01,5.8,7.4,3.6,0.03,0.03,0.11
,,,,,,,,
54. A city,,,,,,,,
Response,Total,First,RT,RT,Rank,UCB,UMCP,UNCG
,-639,,Overall,First,,-319,-149,-170
New York (City),0.63,0.19,4.2,4.9,3,0.58,0.76,0.6
 New York,0.41,0.12,4.2,4.9,3,0.55,0.6,0
 New York City,0.19,0.06,4.4,5.1,3.2,0,0.13,0.6
 N.Y.,0.02,,2.5,,2.5,0.03,0.03,0
Denver,0.35,0.13,3.3,4.7,2.6,0.67,0.05,0.01
Los Angeles/LA,0.35,0.03,3.9,5,4.3,0.42,0.37,0.21
 Los Angeles,0.23,0.02,4.5,5.3,4.4,0.24,0.24,0.21
 LA,0.12,0.01,2.8,4.1,4.2,0.18,0.13,0
Chicago,0.24,0.03,3.8,4.7,3.9,0.26,0.27,0.16
San Francisco,0.22,0.02,5.5,6.1,4.7,0.25,0.27,0.12
Boulder,0.2,0.03,2.8,4.2,3.2,0.39,0,0.01
Greensboro,0.19,0.05,4.2,5.1,2.3,0,0,0.71
Miami,0.16,,3.4,,5.7,0.15,0.21,0.13
Washington D.C.,0.16,0.02,3.9,4.6,3.7,0.08,0.46,0.07
 Washington D.C.,0.1,,4.4,,4.1,0.06,0.21,0.07
 D.C.,0.05,0.01,2.8,3.5,3.3,0.02,0.18,0
 Washington,0.02,,4.3,,2.5,0,0.07,0
Boston,0.15,0.02,3,3.7,4.3,0.21,0.15,0.05
Atlanta,0.13,0.01,3.9,4.1,4.7,0.07,0.16,0.21
Baltimore,0.12,0.04,3.7,4.3,3.1,0.02,0.43,0.02
Dallas,0.12,0.01,2.9,3.8,4.9,0.14,0.1,0.08
San Diego,0.12,,4.3,,5.4,0.16,0.09,0.05
Charlotte,0.1,0.02,4.1,4.8,3.5,0,0.01,0.35
Raleigh,0.1,0.01,3.5,3.9,3.9,0.01,0.01,0.35
Houston,0.09,0.01,3.8,6.2,5,0.11,0.08,0.06
Seattle,0.09,0.01,3.2,3.7,4.9,0.11,0.11,0.05
Paris,0.08,,2.4,,4.9,0.06,0.07,0.12
Detroit,0.07,0.01,3.7,4.6,4.2,0.1,0.04,0.04
New Orleans,0.06,,4.6,,6.4,0.03,0.13,0.03
Philadelphia,0.06,0.01,5.6,5.8,3.8,0.03,0.13,0.04
Austin,0.05,,3,,5.8,0.08,0.03,0.02
London,0.05,0.01,3.3,5,4.9,0.03,0.07,0.05
Orlando,0.05,,3.3,,5.5,0.03,0.08,0.06
,,,,,,,,
55. A state,,,,,,,,
Response,Total,First,RT,RT,Rank,UCB,UMCP,UNCG
,-664,,Overall,First,,-332,-150,-182
California,0.66,0.07,3.6,5,4.4,0.7,0.67,0.56
New York,0.56,0.04,3.5,3.8,4.4,0.49,0.63,0.62
Colorado,0.47,0.22,3.3,3.9,2.5,0.85,0.11,0.08
Florida,0.45,0.02,2.9,4,5.5,0.35,0.55,0.53
North Carolina,0.33,0.2,4.7,5.2,2.5,0.06,0.17,0.93
Texas,0.29,0.02,2.8,3.6,5.7,0.31,0.29,0.26
Maryland,0.28,0.13,3.3,4,2.9,0.06,0.95,0.15
Virginia,0.23,0.01,3.4,4,4.6,0.08,0.41,0.37
Alabama,0.22,0.04,3.6,5,4.3,0.25,0.19,0.2
South Carolina,0.22,,3.8,,4,0.05,0.13,0.62
Washington,0.22,0.01,3.8,6.2,5.9,0.26,0.13,0.2
New Jersey,0.21,0.03,3.5,3.6,4.9,0.14,0.35,0.23
Georgia,0.2,0.01,3.4,5,5.7,0.12,0.21,0.36
Arizona,0.19,0.01,3.1,4,5.1,0.26,0.16,0.08
Maine,0.19,0.01,2.5,3.9,6,0.16,0.27,0.16
Alaska,0.16,0.01,2.5,3.9,5.1,0.19,0.19,0.08
Ohio,0.14,0.01,2.4,2.8,5.8,0.14,0.15,0.13
Pennsylvania,0.14,0.02,4.4,4.9,4.5,0.08,0.32,0.1
Oregon,0.13,,3,,6.3,0.19,0.11,0.05
Utah,0.13,,2.5,,5.6,0.18,0.07,0.1
Nevada,0.12,,3,,5.7,0.16,0.09,0.08
New Mexico,0.12,,3.7,,6.3,0.18,0.08,0.04
Arkansas,0.11,,3.1,,5.5,0.13,0.11,0.07
Delaware,0.11,,3.4,,6,0.08,0.25,0.05
Hawaii,0.1,,2.5,,6.3,0.12,0.09,0.05
Idaho,0.1,,2.7,,6.2,0.14,0.09,0.04
Michigan,0.1,0.01,3.1,3.7,5.9,0.08,0.13,0.09
Connecticut,0.09,0.01,3.4,4.3,6.1,0.08,0.14,0.06
Kansas,0.09,,3,,6.3,0.11,0.07,0.06
Tennessee,0.09,,3.1,,6.2,0.06,0.07,0.18
Illinois,0.08,0.01,3.4,4.8,4.9,0.09,0.07,0.06
Iowa,0.08,,2.3,,6,0.09,0.07,0.04
Massachusetts,0.08,0.01,4.4,5.7,4.9,0.08,0.13,0.04
Mississippi,0.08,,4,,5.5,0.08,0.07,0.09
Montana,0.08,,2.8,,6.4,0.11,0.08,0.03
Wyoming,0.08,,2.9,,5.8,0.12,0.04,0.03
Minnesota,0.07,0.02,3.6,4.6,4.9,0.1,0.06,0.03
New Hampshire,0.07,,4.4,,6.4,0.06,0.1,0.07
Vermont,0.07,,2.7,,6.4,0.07,0.13,0.04
Indiana,0.06,,2.6,,6.5,0.05,0.08,0.05
Nebraska,0.06,,3.5,,5.2,0.1,0.02,0.03
North Dakota,0.06,,4,,7.6,0.04,0.07,0.08
Oklahoma,0.06,,3.8,,5.8,0.07,0.07,0.05
Kentucky,0.05,,3.6,,7,0.05,0.07,0.05
Louisiana,0.05,,3.9,,6.9,0.07,0.06,0.03
Missouri,0.05,,3.1,,5.5,0.07,0.03,0.03
Rhode Island,0.05,,4.3,,6,0.02,0.09,0.05
South Dakota,0.05,,3.4,,7.6,0.03,0.04,0.09
Wisconsin,0.05,,3.4,,5.7,0.05,0.06,0.03
,,,,,,,,
,,,,,,,,
,,,,,,,,
,,,,,,,,
,,,,,,,,
,,,,,,,,
,,,,,,,,
,,,,,,,,
,,,,,,,,
,,,,,,,,
,,,,,,,,
,,,,,,,,
,,,,,,,,
,,,,,,,,
,,,,,,,,
,,,,,,,,
,,,,,,,,
,,,,,,,,
,,,,,,,,
,,,,,,,,
,,,,,,,,
,,,,,,,,
,,,,,,,,
,,,,,,,,
,,,,,,,,
,,,,,,,,
,,,,,,,,
,,,,,,,,
,,,,,,,,
,,,,,,,,
,,,,,,,,
,,,,,,,,
,,,,,,,,
,,,,,,,,
,,,,,,,,
,,,,,,,,
,,,,,,,,
,,,,,,,,
,,,,,,,,
,,,,,,,,
,,,,,,,,
,,,,,,,,
,,,,,,,,
,,,,,,,,
,,,,,,,,
,,,,,,,,
,,,,,,,,
,,,,,,,,
,,,,,,,,
,,,,,,,,
,,,,,,,,
,,,,,,,,
,,,,,,,,
,,,,,,,,
,,,,,,,,
,,,,,,,,
,,,,,,,,
,,,,,,,,
,,,,,,,,
,,,,,,,,
,,,,,,,,
,,,,,,,,
,,,,,,,,
,,,,,,,,
,,,,,,,,
,,,,,,,,
,,,,,,,,
,,,,,,,,
57. A drug,,,,,,,,
Response,Total,First,RT,RT,Rank,UCB,UMCP,UNCG
,-650,,Overall,First,,-334,-150,-166
Marijuana,0.88,0.41,5.3,6,2.1,0.9,0.85,0.85
 Marijuana,0.65,0.29,5.7,6.5,2.1,0.58,0.57,0.85
 Pot,0.12,0.07,4.4,4.8,2.1,0.2,0.09,0
 Weed,0.11,0.05,3.9,4.6,2.1,0.12,0.19,0
Cocaine/coke,0.7,0.13,4.1,6,2.9,0.74,0.63,0.69
 Cocaine,0.63,0.12,4.2,6.1,2.8,0.61,0.63,0.65
 Coke,0.08,0.01,3,4.7,3.4,0.13,0,0.04
Heroin,0.46,0.04,4,5.3,3.8,0.51,0.51,0.33
Ecstasy,0.34,0.06,6,7,3.5,0.3,0.49,0.3
Alcohol,0.25,0.04,5,8.1,3.6,0.26,0.27,0.2
LSD,0.23,0.02,3.7,4.3,3.9,0.23,0.3,0.16
Crack,0.22,0.01,3.7,4.4,4,0.18,0.25,0.28
Tylenol,0.2,0.05,5.4,7.3,3.1,0.18,0.23,0.2
Aspirin,0.14,0.06,5.1,6.1,2.6,0.16,0.15,0.12
Mushroom(s),0.13,,5,,5.1,0.18,0.13,0.04
Acid,0.12,,3.7,,4.5,0.16,0.09,0.09
Advil,0.11,,3.3,,3.6,0.12,0.13,0.09
Speed,0.09,,4.1,,4.3,0.1,0.05,0.11
Nicotine,0.08,0.01,4.1,5.6,4.2,0.09,0.08,0.06
Caffeine,0.07,0.01,4.1,5.2,3.6,0.06,0.09,0.07
Morphine,0.06,0.02,5.3,6,3.3,0.05,0.06,0.08
PCP,0.06,,3.5,,4.4,0.09,0.01,0.06
Opium,0.05,0.01,4.5,6,4.5,0.04,0.07,0.05
Penicillin,0.05,0.01,6.2,7.4,3.1,0.07,0.04,0.04
Vicaden,0.05,,5,,4.4,0.09,0.01,0.01
,,,,,,,,
58. A type of car,,,,,,,,
Response,Total,First,RT,RT,Rank,UCB,UMCP,UNCG
,-643,,Overall,First,,-325,-150,-169
Ford,0.44,0.09,2.9,4.3,3.6,0.49,0.38,0.4
Honda,0.41,0.14,3.6,4.7,3,0.37,0.38,0.52
Toyota,0.31,0.04,4.2,5.6,4.2,0.33,0.27,0.31
BMW,0.3,0.04,3.4,4.9,4,0.35,0.3,0.22
Chevrolet/Chevy,0.27,0.01,4,6,4.3,0.28,0.23,0.3
 Chevrolet,0.23,0.01,4.1,5.6,4.3,0.28,0.06,0.3
 Chevy,0.04,,3.3,,4.7,0,0.17,0
Mercedes (Benz),0.25,0.05,4.2,5.3,3.9,0.26,0.33,0.16
 Mercedes,0.23,0.04,4,5.2,3.9,0.26,0.28,0.15
 Mercedes Benz,0.02,,6.3,,4.8,0.01,0.05,0.01
Jeep,0.19,0.03,3.3,4.5,4.1,0.22,0.15,0.15
Porsche,0.15,0.03,4.3,5.5,4,0.19,0.09,0.12
Lexus,0.14,0.02,3.2,4.1,4.1,0.14,0.16,0.13
Nissan,0.14,0.01,3.5,6.9,4.8,0.14,0.12,0.16
Dodge,0.13,0.01,3.6,3.9,5.2,0.15,0.09,0.12
Mustang,0.13,0.04,4,4.8,2.8,0.11,0.13,0.17
SUV,0.13,0.02,3.6,6.2,3.9,0.15,0.13,0.08
Truck(s),0.12,0.02,3.5,4.9,3.9,0.12,0.14,0.11
Volkswagen,0.12,0.02,5.6,9.3,3.9,0.14,0.12,0.08
 Volkswagen,0.1,0.02,5.9,9.3,3.8,0.14,0.09,0.05
 VW,0.02,,4.1,,4.4,0,0.03,0.03
Ferrari,0.11,0.02,4.1,4.5,4.1,0.14,0.07,0.09
Audi,0.09,0.02,3.1,3.5,4.1,0.13,0.08,0.04
Mazda,0.09,0.02,4.5,5.3,3.1,0.08,0.09,0.11
Sedan,0.09,0.02,3.6,6.2,3.8,0.1,0.09,0.07
Sport(s),0.09,0.03,4.9,5.7,2.8,0.09,0.11,0.08
Volvo,0.09,0.03,3.6,4.5,3.5,0.1,0.09,0.09
Acura,0.08,0.01,3.1,5,4.1,0.06,0.09,0.09
Jaguar,0.08,0.01,3.6,4,4.2,0.11,0.05,0.07
Convertible,0.07,0.01,5.3,6.8,3.5,0.06,0.1,0.05
Corvette,0.07,0.01,4.3,5.7,3.9,0.09,0.05,0.07
Mitsubishi,0.07,0.01,5.2,7.4,4.5,0.05,0.11,0.07
Van,0.07,0.01,3.4,5.6,4.1,0.06,0.15,0.04
Cadillac,0.06,,4.2,,4.8,0.06,0.05,0.08
Civic,0.06,0.01,3,4.5,4,0.04,0.07,0.08
Subaru,0.06,0.01,4.2,5,4.3,0.08,0.04,0.03
Camry,0.05,0.01,3.9,4.4,3.7,0.03,0.05,0.09
Chrysler,0.05,,4.6,,5.6,0.06,0.01,0.05
GMC,0.05,,3.5,,5.2,0.05,0.04,0.05
Hyundai,0.05,,4.5,,5.3,0.04,0.06,0.07
Lamborghini,0.05,,5,,4.6,0.06,0.04,0.02
Minivan,0.05,,3.9,,4.2,0.03,0.06,0.07
Saab,0.05,0.01,3.5,3.5,4.3,0.07,0.03,0.03
Saturn,0.05,0.01,3.7,4.6,3.4,0.04,0.07,0.06
,,,,,,,,
59. A liquid,,,,,,,,
Response,Total,First,RT,RT,Rank,UCB,UMCP,UNCG
,-646,,Overall,First,,-327,-150,-170
Water,1,0.87,3.3,3.5,1.2,0.98,1,1
Juice(s),0.52,0.01,4.5,4.4,3.3,0.54,0.67,0.37
Soda/pop,0.52,0.02,3.6,4.2,3.3,0.53,0.58,0.46
 Soda,0.46,0.02,3.7,4.3,3.2,0.42,0.57,0.43
 Pop,0.06,,3.2,,3.6,0.11,0.01,0.03
Milk,0.35,0.02,3.9,3.7,3.3,0.41,0.32,0.26
Beer,0.26,0.02,3.5,3.7,3.5,0.29,0.22,0.22
Alcohol,0.15,,5.4,,4,0.17,0.14,0.12
Oil(s),0.12,,4.3,,4.4,0.13,0.11,0.09
Coke/Coca cola,0.11,0.01,3.8,4.1,3.7,0.12,0.03,0.17
 Coke,0.06,0.01,4.2,4.5,3.9,0.11,0.03,0
 Coca Cola,0.05,,3.2,,3.5,0.01,0,0.17
Orange juice,0.11,,5.2,,3.7,0.14,0.07,0.09
Coffee,0.1,,4.5,,4.6,0.1,0.14,0.08
Tea,0.1,,3.9,,4.3,0.07,0.09,0.16
Blood,0.09,,5.1,,3.9,0.09,0.09,0.08
Wine,0.09,,3.6,,4.6,0.08,0.11,0.09
Mercury,0.08,,5.3,,3.7,0.08,0.07,0.07
Gasoline,0.07,,5.4,,4.2,0.07,0.09,0.04
Rain,0.07,,5.8,,4.4,0.05,0.1,0.09
Urine,0.07,,6.2,,4.6,0.06,0.11,0.06
Gatorade,0.06,,6.7,,4.1,0.08,0.01,0.05
Lemonade,0.06,,5.4,,4.6,0.05,0.06,0.06
Apple juice,0.05,,6.4,,4.4,0.05,0.05,0.06
Gas,0.05,,3,,3.6,0.06,0,0.07
Kool-Aid,0.05,,5.4,,3.5,0.03,0.04,0.11
Liquor(s),0.05,,4.4,,4.3,0.03,0.03,0.09
Sprite,0.05,,3.2,,4.9,0.03,0.01,0.1
,,,,,,,,
60. A thing women wear,,,,,,,,
Response,Total,First,RT,RT,Rank,UCB,UMCP,UNCG
,-703,,Overall,First,,-372,-149,-181
Bra(s),0.66,0.26,3.2,4.1,2.9,0.67,0.68,0.63
Skirt(s),0.61,0.11,3.4,5.2,3.3,0.63,0.62,0.55
Dress(es),0.51,0.15,3.4,4.5,3,0.58,0.47,0.41
Panties/underwear,0.38,0.04,3.7,5.5,3.7,0.37,0.29,0.48
 Panties,0.21,0.02,3.5,6.1,3.6,0.18,0.13,0.33
 Underwear,0.17,0.02,3.9,5,3.9,0.19,0.16,0.15
Shirt(s),0.35,0.04,3.3,5.3,3.7,0.35,0.29,0.38
(High) heels,0.33,0.02,4.7,6.7,4.7,0.31,0.39,0.32
 High heels,0.27,0.02,4.9,6.9,4.7,0.26,0.31,0.23
 Heels,0.07,,4,,4.5,0.05,0.08,0.09
Pants,0.3,0.01,2.8,5.1,4.6,0.34,0.21,0.3
Shoes,0.3,0.06,2.8,4,4.6,0.32,0.23,0.33
Blouse(s),0.29,0.03,3.6,5.3,3.9,0.33,0.22,0.25
Makeup,0.28,0.01,3.9,6.4,5,0.29,0.29,0.24
Pantyhose/stockings,0.28,0.01,4.6,5.5,5.3,0.28,0.23,0.29
 Pantyhose,0.13,,4.7,,5.2,0.15,0.09,0.13
 Stockings,0.09,,5.1,,5.1,0.07,0.11,0.09
 Hose,0.03,,3.8,,5.6,0.02,0.01,0.07
 Nylons,0.03,,3.4,,5.6,0.05,0.01,0
Earrings,0.21,0.03,3.8,5.3,4.8,0.21,0.22,0.19
Hat(s),0.19,0.04,3,3.5,4.6,0.18,0.2,0.21
Jewelry,0.16,0.01,5.1,6.6,4.9,0.18,0.13,0.14
Necklace(s),0.15,0.02,4.1,6.8,5,0.15,0.15,0.17
Sock(s),0.15,,2.8,,6.3,0.15,0.15,0.15
Thong(s),0.15,0.04,3.4,4.6,3.7,0.16,0.15,0.14
Ring(s),0.12,,3.2,,6.1,0.1,0.12,0.15
Perfume,0.09,0.01,4,5.3,4.8,0.08,0.1,0.09
Bracelet(s),0.08,,4.1,,6,0.06,0.12,0.1
Lipstick,0.08,0.01,4.1,6.8,5.1,0.08,0.09,0.07
Scarf(ves),0.08,0.01,3.5,4.6,4.7,0.08,0.09,0.07
Shorts,0.07,,2.6,,5.9,0.08,0.08,0.04
Sweater(s),0.07,,3.6,,5.5,0.08,0.07,0.06
Jeans,0.06,,2.7,,5.4,0.07,0.06,0.04
Tank top(s),0.06,,4.4,,5.3,0.06,0.09,0.05
Jacket/coat,0.05,,2.9,,5.3,0.04,0.07,0.03
 Jacket(s),0.03,,3,,5.6,0.03,0.05,0.02
 Coat(s),0.02,,2.7,,4.9,0.02,0.02,0.02
Purse(s),0.05,0.01,3.3,4.2,5.3,0.05,0.05,0.05
